label,leg,batch,round,n_targets,median_ms,mean_ms,min_ms,p95_ms,solved,empty,returned,refine_fp64,correctness_only,header_sha
main-S1,table1,1,1,100,2.0457429927773774,3.338364865630865,0.9873390663415194,8.937886101193726,95,0,100,-1,False,7f4a82d9c92e2e8665617e2822780459fafe594040526ac6aefa86991e8ce0a6
main-S1,table1,10,1,100,1.5507795033045113,2.074002962326631,1.1726230150088668,8.584441035054624,100,0,100,-1,False,7f4a82d9c92e2e8665617e2822780459fafe594040526ac6aefa86991e8ce0a6
main-S1,table1,100,1,100,1.2597074965015054,1.6632918559480458,0.981029006652534,2.9665250331163406,100,0,100,-1,False,7f4a82d9c92e2e8665617e2822780459fafe594040526ac6aefa86991e8ce0a6
main-S1,table1,1000,1,100,1.2390614720061421,1.711281711468473,0.9751869365572929,3.246370004490018,100,0,100,-1,False,7f4a82d9c92e2e8665617e2822780459fafe594040526ac6aefa86991e8ce0a6
main-S1,table1,2000,1,100,1.26987649127841,1.7449188174214214,1.0223810095340014,3.0415470246225595,100,0,100,-1,False,7f4a82d9c92e2e8665617e2822780459fafe594040526ac6aefa86991e8ce0a6
main-S1,table1,8000,1,100,1.6806450439617038,2.247887921985239,1.376428990624845,3.811639966443181,100,0,100,-1,False,7f4a82d9c92e2e8665617e2822780459fafe594040526ac6aefa86991e8ce0a6
main-S1,table1,32000,1,100,3.2595075317658484,4.7503991483245045,2.6204739697277546,7.795011042617261,100,0,100,-1,False,7f4a82d9c92e2e8665617e2822780459fafe594040526ac6aefa86991e8ce0a6
main-S1,table2,100,1,100,2.2348309867084026,2.258808515034616,1.8572870176285505,2.638219972141087,100,0,100,-1,False,7f4a82d9c92e2e8665617e2822780459fafe594040526ac6aefa86991e8ce0a6
main-S1,table2,1000,1,100,2.256517007481307,2.310631590662524,1.944929943419993,2.6732190744951367,100,0,100,-1,False,7f4a82d9c92e2e8665617e2822780459fafe594040526ac6aefa86991e8ce0a6
main-S1,table2,2000,1,100,2.5315384846180677,2.55952256382443,2.1877300459891558,2.991784014739096,100,0,100,-1,False,7f4a82d9c92e2e8665617e2822780459fafe594040526ac6aefa86991e8ce0a6
branch-S1,table1,1,1,100,2.0049469894729555,3.2838653249200433,0.9635570459067822,8.82085901685059,95,0,100,-1,False,efc2c7585cb8be991cf136ae0288b94332309a8b44d53453184704f97820af4d
branch-S1,table1,10,1,100,1.5126644866541028,2.0333496993407607,1.1403770186007023,8.4755519637838,100,0,100,-1,False,efc2c7585cb8be991cf136ae0288b94332309a8b44d53453184704f97820af4d
branch-S1,table1,100,1,100,1.2399754486978054,1.6413456690497696,0.9716160129755735,2.939663943834603,100,0,100,-1,False,efc2c7585cb8be991cf136ae0288b94332309a8b44d53453184704f97820af4d
branch-S1,table1,1000,1,100,1.213505514897406,1.6845159116201103,0.9543669875711203,3.249797970056534,100,0,100,-1,False,efc2c7585cb8be991cf136ae0288b94332309a8b44d53453184704f97820af4d
branch-S1,table1,2000,1,100,1.2577229645103216,1.7210981796961278,1.001087948679924,2.857037936337292,100,0,100,-1,False,efc2c7585cb8be991cf136ae0288b94332309a8b44d53453184704f97820af4d
branch-S1,table1,8000,1,100,1.6744104214012623,2.2262652521021664,1.3634280767291784,3.8608621107414365,100,0,100,-1,False,efc2c7585cb8be991cf136ae0288b94332309a8b44d53453184704f97820af4d
branch-S1,table1,32000,1,100,2.7542629977688193,4.170098986942321,2.380475983954966,5.8608450926840305,100,0,100,-1,False,efc2c7585cb8be991cf136ae0288b94332309a8b44d53453184704f97820af4d
branch-S1,table2,100,1,100,2.0894314511679113,2.1139934414532036,1.6174950869753957,2.508276025764644,100,0,100,-1,False,efc2c7585cb8be991cf136ae0288b94332309a8b44d53453184704f97820af4d
branch-S1,table2,1000,1,100,2.0057085785083473,2.060724584152922,1.5964139020070434,2.4849269539117813,100,0,100,-1,False,efc2c7585cb8be991cf136ae0288b94332309a8b44d53453184704f97820af4d
branch-S1,table2,2000,1,100,2.0775530138053,2.120690606534481,1.63823994807899,2.521565998904407,100,0,100,-1,False,efc2c7585cb8be991cf136ae0288b94332309a8b44d53453184704f97820af4d
branch-nostop-S1,table1,1,1,100,2.004030509851873,3.2824083790183067,0.9624039521440864,8.818326983600855,95,0,100,-1,False,efc2c7585cb8be991cf136ae0288b94332309a8b44d53453184704f97820af4d
branch-nostop-S1,table1,10,1,100,1.5151274856179953,2.0347575820051134,1.1516549857333302,8.48370895255357,100,0,100,-1,False,efc2c7585cb8be991cf136ae0288b94332309a8b44d53453184704f97820af4d
branch-nostop-S1,table1,100,1,100,1.242723548784852,1.6391929564997554,0.972632085904479,2.941428916528821,100,0,100,-1,False,efc2c7585cb8be991cf136ae0288b94332309a8b44d53453184704f97820af4d
branch-nostop-S1,table1,1000,1,100,1.2567629455588758,1.6917132900562137,0.9549980750307441,3.2119890674948692,100,0,100,-1,False,efc2c7585cb8be991cf136ae0288b94332309a8b44d53453184704f97820af4d
branch-nostop-S1,table1,2000,1,100,1.2386825401335955,1.7157447768840939,1.0037090396508574,2.8647430008277297,100,0,100,-1,False,efc2c7585cb8be991cf136ae0288b94332309a8b44d53453184704f97820af4d
branch-nostop-S1,table1,8000,1,100,1.6820550081320107,2.2286943497601897,1.3702319702133536,3.8624940207228065,100,0,100,-1,False,efc2c7585cb8be991cf136ae0288b94332309a8b44d53453184704f97820af4d
branch-nostop-S1,table1,32000,1,100,2.752925967797637,4.166121657472104,2.469521015882492,5.877819028683007,100,0,100,-1,False,efc2c7585cb8be991cf136ae0288b94332309a8b44d53453184704f97820af4d
branch-nostop-S1,table2,100,1,100,2.041808038484305,2.064030704787001,1.5676860930398107,2.4321579840034246,100,0,100,-1,False,efc2c7585cb8be991cf136ae0288b94332309a8b44d53453184704f97820af4d
branch-nostop-S1,table2,1000,1,100,1.9488399848341942,1.9935461692512035,1.6398850129917264,2.340984996408224,100,0,100,-1,False,efc2c7585cb8be991cf136ae0288b94332309a8b44d53453184704f97820af4d
branch-nostop-S1,table2,2000,1,100,2.020791929680854,2.050444285850972,1.704351045191288,2.3946809815242887,100,0,100,-1,False,efc2c7585cb8be991cf136ae0288b94332309a8b44d53453184704f97820af4d
main-S4,table1,1,1,100,1.5054605319164693,1.4726559654809535,1.1631199158728123,1.594166038557887,96,0,400,-1,False,7f4a82d9c92e2e8665617e2822780459fafe594040526ac6aefa86991e8ce0a6
main-S4,table1,10,1,100,1.490412571001798,1.4992531237658113,1.3133600587025285,1.6101290239021182,100,0,400,-1,False,7f4a82d9c92e2e8665617e2822780459fafe594040526ac6aefa86991e8ce0a6
main-S4,table1,100,1,100,1.404406561050564,1.4121853350661695,1.3308149063959718,1.493458985351026,100,0,400,-1,False,7f4a82d9c92e2e8665617e2822780459fafe594040526ac6aefa86991e8ce0a6
main-S4,table1,1000,1,100,1.3931429712101817,1.3946959748864174,1.312561915256083,1.4512580819427967,100,0,400,-1,False,7f4a82d9c92e2e8665617e2822780459fafe594040526ac6aefa86991e8ce0a6
main-S4,table1,2000,1,100,1.459349470678717,1.4646927861031145,1.3960080686956644,1.5227739932015538,100,0,400,-1,False,7f4a82d9c92e2e8665617e2822780459fafe594040526ac6aefa86991e8ce0a6
main-S4,table1,8000,1,100,2.638232021126896,2.6258544577285647,2.2483690408989787,2.789646969176829,100,0,400,-1,False,7f4a82d9c92e2e8665617e2822780459fafe594040526ac6aefa86991e8ce0a6
main-S4,table1,32000,1,100,7.253061921801418,7.220025489805266,6.395915057510138,7.650022045709193,100,0,400,-1,False,7f4a82d9c92e2e8665617e2822780459fafe594040526ac6aefa86991e8ce0a6
main-S4,table2,100,1,100,2.1286310511641204,2.1360179560724646,1.9921180792152882,2.2188740549609065,100,0,400,-1,False,7f4a82d9c92e2e8665617e2822780459fafe594040526ac6aefa86991e8ce0a6
main-S4,table2,1000,1,100,2.2105444804765284,2.2231723042204976,2.1308669820427895,2.3039330262690783,100,0,400,-1,False,7f4a82d9c92e2e8665617e2822780459fafe594040526ac6aefa86991e8ce0a6
main-S4,table2,2000,1,100,2.5243289419449866,2.531602173112333,2.3979879915714264,2.609807066619396,100,0,400,-1,False,7f4a82d9c92e2e8665617e2822780459fafe594040526ac6aefa86991e8ce0a6
branch-S4,table1,1,1,100,1.4106070157140493,1.3824021886102855,1.0950290597975254,1.4954509679228067,96,0,400,-1,False,efc2c7585cb8be991cf136ae0288b94332309a8b44d53453184704f97820af4d
branch-S4,table1,10,1,100,1.4042475377209485,1.4135088527109474,1.2424929300323129,1.5148509992286563,100,0,400,-1,False,efc2c7585cb8be991cf136ae0288b94332309a8b44d53453184704f97820af4d
branch-S4,table1,100,1,100,1.327439968008548,1.334030005382374,1.2576220324262977,1.400780980475247,100,0,400,-1,False,efc2c7585cb8be991cf136ae0288b94332309a8b44d53453184704f97820af4d
branch-S4,table1,1000,1,100,1.3233269564807415,1.3253919722046703,1.261829980649054,1.37107796035707,100,0,400,-1,False,efc2c7585cb8be991cf136ae0288b94332309a8b44d53453184704f97820af4d
branch-S4,table1,2000,1,100,1.3908780529163778,1.3923417800106108,1.323668984696269,1.454880926758051,100,0,400,-1,False,efc2c7585cb8be991cf136ae0288b94332309a8b44d53453184704f97820af4d
branch-S4,table1,8000,1,100,2.4822534760460258,2.475160078611225,2.241991925984621,2.6167629985138774,100,0,400,-1,False,efc2c7585cb8be991cf136ae0288b94332309a8b44d53453184704f97820af4d
branch-S4,table1,32000,1,100,6.841962458565831,6.8142713233828545,6.003292975947261,7.2815800085663795,100,0,400,-1,False,efc2c7585cb8be991cf136ae0288b94332309a8b44d53453184704f97820af4d
branch-S4,table2,100,1,100,1.8599970499053597,1.8729571590665728,1.7409949796274304,1.9374799448996782,100,0,400,-1,False,efc2c7585cb8be991cf136ae0288b94332309a8b44d53453184704f97820af4d
branch-S4,table2,1000,1,100,1.855190028436482,1.8655642564408481,1.7638520803302526,1.9459810573607683,100,0,400,-1,False,efc2c7585cb8be991cf136ae0288b94332309a8b44d53453184704f97820af4d
branch-S4,table2,2000,1,100,1.9369234214536846,1.9434289576020092,1.8565950449556112,2.015874022617936,100,0,400,-1,False,efc2c7585cb8be991cf136ae0288b94332309a8b44d53453184704f97820af4d
branch-nostop-S4,table1,1,1,100,1.410393975675106,1.3825281849130988,1.0977779747918248,1.4946209266781807,96,0,400,-1,False,efc2c7585cb8be991cf136ae0288b94332309a8b44d53453184704f97820af4d
branch-nostop-S4,table1,10,1,100,1.40615546843037,1.4129876159131527,1.2430660426616669,1.5131239779293537,100,0,400,-1,False,efc2c7585cb8be991cf136ae0288b94332309a8b44d53453184704f97820af4d
branch-nostop-S4,table1,100,1,100,1.3297200202941895,1.3361725653521717,1.2614520965144038,1.4091299381107092,100,0,400,-1,False,efc2c7585cb8be991cf136ae0288b94332309a8b44d53453184704f97820af4d
branch-nostop-S4,table1,1000,1,100,1.3224949943833053,1.3265084649901837,1.256373943760991,1.379115041345358,100,0,400,-1,False,efc2c7585cb8be991cf136ae0288b94332309a8b44d53453184704f97820af4d
branch-nostop-S4,table1,2000,1,100,1.3895014999434352,1.392565193818882,1.3083629310131073,1.4503730926662683,100,0,400,-1,False,efc2c7585cb8be991cf136ae0288b94332309a8b44d53453184704f97820af4d
branch-nostop-S4,table1,8000,1,100,2.50165699981153,2.4981970980297774,2.243228955194354,2.640474936924875,100,0,400,-1,False,efc2c7585cb8be991cf136ae0288b94332309a8b44d53453184704f97820af4d
branch-nostop-S4,table1,32000,1,100,6.8429820239543915,6.807364784181118,6.0131780337542295,7.2237440617755055,100,0,400,-1,False,efc2c7585cb8be991cf136ae0288b94332309a8b44d53453184704f97820af4d
branch-nostop-S4,table2,100,1,100,1.8495144904591143,1.861383490031585,1.7212459351867437,1.9301639404147863,100,0,400,-1,False,efc2c7585cb8be991cf136ae0288b94332309a8b44d53453184704f97820af4d
branch-nostop-S4,table2,1000,1,100,1.8285484984517097,1.833113394677639,1.7315780278295279,1.8961629830300808,100,0,400,-1,False,efc2c7585cb8be991cf136ae0288b94332309a8b44d53453184704f97820af4d
branch-nostop-S4,table2,2000,1,100,1.9046140369027853,1.9096998719032854,1.793239964172244,1.9811609527096152,100,0,400,-1,False,efc2c7585cb8be991cf136ae0288b94332309a8b44d53453184704f97820af4d
branch-S1,table1,1,2,100,2.013607998378575,3.2977106980979443,0.9688809514045715,8.86090099811554,95,0,100,-1,False,efc2c7585cb8be991cf136ae0288b94332309a8b44d53453184704f97820af4d
branch-S1,table1,10,2,100,1.5204870142042637,2.0419466751627624,1.1455450439825654,8.521285024471581,100,0,100,-1,False,efc2c7585cb8be991cf136ae0288b94332309a8b44d53453184704f97820af4d
branch-S1,table1,100,2,100,1.2440665159374475,1.6443733382038772,0.976462964899838,2.954901894554496,100,0,100,-1,False,efc2c7585cb8be991cf136ae0288b94332309a8b44d53453184704f97820af4d
branch-S1,table1,1000,2,100,1.2385250302031636,1.6934588982257992,0.9593310533091426,3.220363985747099,100,0,100,-1,False,efc2c7585cb8be991cf136ae0288b94332309a8b44d53453184704f97820af4d
branch-S1,table1,2000,2,100,1.2541405158117414,1.725455931155011,1.0055439779534936,2.8717300156131387,100,0,100,-1,False,efc2c7585cb8be991cf136ae0288b94332309a8b44d53453184704f97820af4d
branch-S1,table1,8000,2,100,1.6886905068531632,2.2434862155932933,1.3772790553048253,3.8580549880862236,100,0,100,-1,False,efc2c7585cb8be991cf136ae0288b94332309a8b44d53453184704f97820af4d
branch-S1,table1,32000,2,100,2.762516960501671,4.19043107307516,2.3847969714552164,5.886909086257219,100,0,100,-1,False,efc2c7585cb8be991cf136ae0288b94332309a8b44d53453184704f97820af4d
branch-S1,table2,100,2,100,2.090007474180311,2.120167117100209,1.6257489332929254,2.5125519605353475,100,0,100,-1,False,efc2c7585cb8be991cf136ae0288b94332309a8b44d53453184704f97820af4d
branch-S1,table2,1000,2,100,2.0032134489156306,2.0659533434081823,1.6036930028349161,2.4904049932956696,100,0,100,-1,False,efc2c7585cb8be991cf136ae0288b94332309a8b44d53453184704f97820af4d
branch-S1,table2,2000,2,100,2.0877585629932582,2.130159636726603,1.646311953663826,2.523657982237637,100,0,100,-1,False,efc2c7585cb8be991cf136ae0288b94332309a8b44d53453184704f97820af4d
branch-nostop-S1,table1,1,2,100,2.0115809747949243,3.297997902845964,0.9663640521466732,8.857507957145572,95,0,100,-1,False,efc2c7585cb8be991cf136ae0288b94332309a8b44d53453184704f97820af4d
branch-nostop-S1,table1,10,2,100,1.51705153984949,2.043028275948018,1.1449480662122369,8.520816103555262,100,0,100,-1,False,efc2c7585cb8be991cf136ae0288b94332309a8b44d53453184704f97820af4d
branch-nostop-S1,table1,100,2,100,1.2395145022310317,1.6425604850519449,0.9733849437907338,2.940620994195342,100,0,100,-1,False,efc2c7585cb8be991cf136ae0288b94332309a8b44d53453184704f97820af4d
branch-nostop-S1,table1,1000,2,100,1.2511064996942878,1.6935791645664722,0.9568110108375549,3.2020279904827476,100,0,100,-1,False,efc2c7585cb8be991cf136ae0288b94332309a8b44d53453184704f97820af4d
branch-nostop-S1,table1,2000,2,100,1.2637925101444125,1.7228378087747842,1.004838035441935,3.0236729653552175,100,0,100,-1,False,efc2c7585cb8be991cf136ae0288b94332309a8b44d53453184704f97820af4d
branch-nostop-S1,table1,8000,2,100,1.6931680729612708,2.251308528939262,1.3794740661978722,3.8164049619808793,100,0,100,-1,False,efc2c7585cb8be991cf136ae0288b94332309a8b44d53453184704f97820af4d
branch-nostop-S1,table1,32000,2,100,2.773417567368597,4.228445515036583,2.501175971701741,5.893289926461875,100,0,100,-1,False,efc2c7585cb8be991cf136ae0288b94332309a8b44d53453184704f97820af4d
branch-nostop-S1,table2,100,2,100,2.048671478405595,2.070221103494987,1.573632936924696,2.447929000481963,100,0,100,-1,False,efc2c7585cb8be991cf136ae0288b94332309a8b44d53453184704f97820af4d
branch-nostop-S1,table2,1000,2,100,1.9620980019681156,2.001450816169381,1.6471740091219544,2.363512059673667,100,0,100,-1,False,efc2c7585cb8be991cf136ae0288b94332309a8b44d53453184704f97820af4d
branch-nostop-S1,table2,2000,2,100,2.019231498707086,2.0618017215747386,1.712681958451867,2.4711580481380224,100,0,100,-1,False,efc2c7585cb8be991cf136ae0288b94332309a8b44d53453184704f97820af4d
main-S1,table1,1,2,100,2.0441755186766386,3.335934393107891,0.9856700198724866,8.929437957704067,95,0,100,-1,False,7f4a82d9c92e2e8665617e2822780459fafe594040526ac6aefa86991e8ce0a6
main-S1,table1,10,2,100,1.5580955077894032,2.0809529547113925,1.1754250153899193,8.621986024081707,100,0,100,-1,False,7f4a82d9c92e2e8665617e2822780459fafe594040526ac6aefa86991e8ce0a6
main-S1,table1,100,2,100,1.2657760526053607,1.6675761062651873,0.9833109797909856,2.9844989767298102,100,0,100,-1,False,7f4a82d9c92e2e8665617e2822780459fafe594040526ac6aefa86991e8ce0a6
main-S1,table1,1000,2,100,1.2704479158855975,1.7121599637903273,0.9715749183669686,3.301515942439437,100,0,100,-1,False,7f4a82d9c92e2e8665617e2822780459fafe594040526ac6aefa86991e8ce0a6
main-S1,table1,2000,2,100,1.2571105035021901,1.7458677932154387,1.0238790418952703,3.0591610120609403,100,0,100,-1,False,7f4a82d9c92e2e8665617e2822780459fafe594040526ac6aefa86991e8ce0a6
main-S1,table1,8000,2,100,1.6896160086616874,2.2559950640425086,1.3780239969491959,3.8548109587281942,100,0,100,-1,False,7f4a82d9c92e2e8665617e2822780459fafe594040526ac6aefa86991e8ce0a6
main-S1,table1,32000,2,100,3.241864498704672,4.617938068695366,2.64948105905205,7.812442956492305,100,0,100,-1,False,7f4a82d9c92e2e8665617e2822780459fafe594040526ac6aefa86991e8ce0a6
main-S1,table2,100,2,100,2.236082451418042,2.264862929005176,1.875980058684945,2.6489170268177986,100,0,100,-1,False,7f4a82d9c92e2e8665617e2822780459fafe594040526ac6aefa86991e8ce0a6
main-S1,table2,1000,2,100,2.269910473842174,2.3147705709561706,1.9690790213644505,2.6799780316650867,100,0,100,-1,False,7f4a82d9c92e2e8665617e2822780459fafe594040526ac6aefa86991e8ce0a6
main-S1,table2,2000,2,100,2.5329914642497897,2.565712823998183,2.2145380498841405,3.004934056662023,100,0,100,-1,False,7f4a82d9c92e2e8665617e2822780459fafe594040526ac6aefa86991e8ce0a6
branch-S4,table1,1,2,100,1.4167980407364666,1.3882708875462413,1.1006910353899002,1.5003810403868556,96,0,400,-1,False,efc2c7585cb8be991cf136ae0288b94332309a8b44d53453184704f97820af4d
branch-S4,table1,10,2,100,1.4097780222073197,1.417860829969868,1.2471158988773823,1.5173619613051414,100,0,400,-1,False,efc2c7585cb8be991cf136ae0288b94332309a8b44d53453184704f97820af4d
branch-S4,table1,100,2,100,1.3317785342223942,1.3385739899240434,1.264107064343989,1.411887933500111,100,0,400,-1,False,efc2c7585cb8be991cf136ae0288b94332309a8b44d53453184704f97820af4d
branch-S4,table1,1000,2,100,1.3233525096438825,1.3261719280853868,1.268225023522973,1.371562946587801,100,0,400,-1,False,efc2c7585cb8be991cf136ae0288b94332309a8b44d53453184704f97820af4d
branch-S4,table1,2000,2,100,1.3893040013499558,1.391788583714515,1.3003770727664232,1.4493309427052736,100,0,400,-1,False,efc2c7585cb8be991cf136ae0288b94332309a8b44d53453184704f97820af4d
branch-S4,table1,8000,2,100,2.491866529453546,2.4725736666005105,2.103109029121697,2.622390049509704,100,0,400,-1,False,efc2c7585cb8be991cf136ae0288b94332309a8b44d53453184704f97820af4d
branch-S4,table1,32000,2,100,6.821656541433185,6.8025045830290765,6.02856301702559,7.217323989607394,100,0,400,-1,False,efc2c7585cb8be991cf136ae0288b94332309a8b44d53453184704f97820af4d
branch-S4,table2,100,2,100,1.8643909716047347,1.8773481086827815,1.7344478983432055,1.9425119971856475,100,0,400,-1,False,efc2c7585cb8be991cf136ae0288b94332309a8b44d53453184704f97820af4d
branch-S4,table2,1000,2,100,1.8549810047261417,1.8597410910297185,1.7715529538691044,1.9262590212747455,100,0,400,-1,False,efc2c7585cb8be991cf136ae0288b94332309a8b44d53453184704f97820af4d
branch-S4,table2,2000,2,100,1.9447189988568425,1.9500384759157896,1.8584849312901497,2.021239954046905,100,0,400,-1,False,efc2c7585cb8be991cf136ae0288b94332309a8b44d53453184704f97820af4d
branch-nostop-S4,table1,1,2,100,1.4162050210870802,1.3873894873540848,1.100113964639604,1.500407001003623,96,0,400,-1,False,efc2c7585cb8be991cf136ae0288b94332309a8b44d53453184704f97820af4d
branch-nostop-S4,table1,10,2,100,1.409352000337094,1.4173766679596156,1.245909952558577,1.5183520736172795,100,0,400,-1,False,efc2c7585cb8be991cf136ae0288b94332309a8b44d53453184704f97820af4d
branch-nostop-S4,table1,100,2,100,1.3314095558598638,1.338456068187952,1.2586129596456885,1.4098359970375896,100,0,400,-1,False,efc2c7585cb8be991cf136ae0288b94332309a8b44d53453184704f97820af4d
branch-nostop-S4,table1,1000,2,100,1.3210285105742514,1.3244854134973139,1.2605879455804825,1.3716649264097214,100,0,400,-1,False,efc2c7585cb8be991cf136ae0288b94332309a8b44d53453184704f97820af4d
branch-nostop-S4,table1,2000,2,100,1.390694989822805,1.3918150146491826,1.3299769489094615,1.452840049751103,100,0,400,-1,False,efc2c7585cb8be991cf136ae0288b94332309a8b44d53453184704f97820af4d
branch-nostop-S4,table1,8000,2,100,2.485268982127309,2.468737894669175,2.211440005339682,2.62397900223732,100,0,400,-1,False,efc2c7585cb8be991cf136ae0288b94332309a8b44d53453184704f97820af4d
branch-nostop-S4,table1,32000,2,100,6.845974479801953,6.80192397790961,6.004846072755754,7.220302009955049,100,0,400,-1,False,efc2c7585cb8be991cf136ae0288b94332309a8b44d53453184704f97820af4d
branch-nostop-S4,table2,100,2,100,1.8516770214773715,1.8557279568631202,1.7226580530405045,1.9239960238337517,100,0,400,-1,False,efc2c7585cb8be991cf136ae0288b94332309a8b44d53453184704f97820af4d
branch-nostop-S4,table2,1000,2,100,1.8280664808116853,1.8327939265873283,1.7329780384898186,1.9026189111173153,100,0,400,-1,False,efc2c7585cb8be991cf136ae0288b94332309a8b44d53453184704f97820af4d
branch-nostop-S4,table2,2000,2,100,1.902281481307,1.9078072940465063,1.8222288927063346,1.9818390719592571,100,0,400,-1,False,efc2c7585cb8be991cf136ae0288b94332309a8b44d53453184704f97820af4d
main-S4,table1,1,2,100,1.5093530528247356,1.4779140707105398,1.1647839564830065,1.6005130019038916,96,0,400,-1,False,7f4a82d9c92e2e8665617e2822780459fafe594040526ac6aefa86991e8ce0a6
main-S4,table1,10,2,100,1.495028962381184,1.5038778213784099,1.3200220419093966,1.6154730692505836,100,0,400,-1,False,7f4a82d9c92e2e8665617e2822780459fafe594040526ac6aefa86991e8ce0a6
main-S4,table1,100,2,100,1.4087349991314113,1.4169755461625755,1.3318610144779086,1.4993109507486224,100,0,400,-1,False,7f4a82d9c92e2e8665617e2822780459fafe594040526ac6aefa86991e8ce0a6
main-S4,table1,1000,2,100,1.4016665518283844,1.4009064761921763,1.3185309944674373,1.4625019393861294,100,0,400,-1,False,7f4a82d9c92e2e8665617e2822780459fafe594040526ac6aefa86991e8ce0a6
main-S4,table1,2000,2,100,1.4640219742432237,1.468258126405999,1.3550319708883762,1.5356580261141062,100,0,400,-1,False,7f4a82d9c92e2e8665617e2822780459fafe594040526ac6aefa86991e8ce0a6
main-S4,table1,8000,2,100,2.6399639900773764,2.619600157486275,2.260374021716416,2.7786840219050646,100,0,400,-1,False,7f4a82d9c92e2e8665617e2822780459fafe594040526ac6aefa86991e8ce0a6
main-S4,table1,32000,2,100,7.261288003064692,7.235226252814755,6.3782259821891785,7.682448951527476,100,0,400,-1,False,7f4a82d9c92e2e8665617e2822780459fafe594040526ac6aefa86991e8ce0a6
main-S4,table2,100,2,100,2.1363815176300704,2.1476781053934246,2.0343250362202525,2.2079310147091746,100,0,400,-1,False,7f4a82d9c92e2e8665617e2822780459fafe594040526ac6aefa86991e8ce0a6
main-S4,table2,1000,2,100,2.2320719435811043,2.2381976048927754,2.1380059188231826,2.319980994798243,100,0,400,-1,False,7f4a82d9c92e2e8665617e2822780459fafe594040526ac6aefa86991e8ce0a6
main-S4,table2,2000,2,100,2.5483175413683057,2.553814025595784,2.4234859738498926,2.6301679899916053,100,0,400,-1,False,7f4a82d9c92e2e8665617e2822780459fafe594040526ac6aefa86991e8ce0a6
branch-nostop-S1,table1,1,3,100,2.012445474974811,3.298182269791141,0.967353000305593,8.859673049300909,95,0,100,-1,False,efc2c7585cb8be991cf136ae0288b94332309a8b44d53453184704f97820af4d
branch-nostop-S1,table1,10,3,100,1.5196864842437208,2.0423181680962443,1.1579589918255806,8.511791005730629,100,0,100,-1,False,efc2c7585cb8be991cf136ae0288b94332309a8b44d53453184704f97820af4d
branch-nostop-S1,table1,100,3,100,1.2452559894882143,1.6456694644875824,0.97149598877877,2.952678012661636,100,0,100,-1,False,efc2c7585cb8be991cf136ae0288b94332309a8b44d53453184704f97820af4d
branch-nostop-S1,table1,1000,3,100,1.2373820645734668,1.6908452357165515,0.9559130994603038,3.261142992414534,100,0,100,-1,False,efc2c7585cb8be991cf136ae0288b94332309a8b44d53453184704f97820af4d
branch-nostop-S1,table1,2000,3,100,1.254129980225116,1.7233735113404691,1.009988016448915,2.874094992876053,100,0,100,-1,False,efc2c7585cb8be991cf136ae0288b94332309a8b44d53453184704f97820af4d
branch-nostop-S1,table1,8000,3,100,1.68796896468848,2.241730075329542,1.3739420101046562,3.853186033666134,100,0,100,-1,False,efc2c7585cb8be991cf136ae0288b94332309a8b44d53453184704f97820af4d
branch-nostop-S1,table1,32000,3,100,2.765153010841459,4.1841363708954304,2.380079939030111,5.876093986444175,100,0,100,-1,False,efc2c7585cb8be991cf136ae0288b94332309a8b44d53453184704f97820af4d
branch-nostop-S1,table2,100,3,100,2.0413330057635903,2.06776509527117,1.5819190302863717,2.4063599994406104,100,0,100,-1,False,efc2c7585cb8be991cf136ae0288b94332309a8b44d53453184704f97820af4d
branch-nostop-S1,table2,1000,3,100,1.9693310023285449,2.006827514851466,1.641673967242241,2.3824850795790553,100,0,100,-1,False,efc2c7585cb8be991cf136ae0288b94332309a8b44d53453184704f97820af4d
branch-nostop-S1,table2,2000,3,100,2.02009902568534,2.057790531544015,1.711784047074616,2.46874603908509,100,0,100,-1,False,efc2c7585cb8be991cf136ae0288b94332309a8b44d53453184704f97820af4d
main-S1,table1,1,3,100,2.0511180046014488,3.3506714808754623,0.9903350146487355,8.972105919383466,95,0,100,-1,False,7f4a82d9c92e2e8665617e2822780459fafe594040526ac6aefa86991e8ce0a6
main-S1,table1,10,3,100,1.5575519646517932,2.0823465462308377,1.1762729845941067,8.605877053923905,100,0,100,-1,False,7f4a82d9c92e2e8665617e2822780459fafe594040526ac6aefa86991e8ce0a6
main-S1,table1,100,3,100,1.2661235523410141,1.6663769376464188,1.0017040185630322,2.988926018588245,100,0,100,-1,False,7f4a82d9c92e2e8665617e2822780459fafe594040526ac6aefa86991e8ce0a6
main-S1,table1,1000,3,100,1.2837405083701015,1.713353208033368,0.9743020636960864,3.2560379477217793,100,0,100,-1,False,7f4a82d9c92e2e8665617e2822780459fafe594040526ac6aefa86991e8ce0a6
main-S1,table1,2000,3,100,1.2872300576418638,1.751884714467451,1.0199049720540643,2.9064210830256343,100,0,100,-1,False,7f4a82d9c92e2e8665617e2822780459fafe594040526ac6aefa86991e8ce0a6
main-S1,table1,8000,3,100,1.695809478405863,2.2597673535346985,1.3841419713571668,3.9223990170285106,100,0,100,-1,False,7f4a82d9c92e2e8665617e2822780459fafe594040526ac6aefa86991e8ce0a6
main-S1,table1,32000,3,100,3.246272506657988,4.7277281526476145,2.640264923684299,7.7604769030585885,100,0,100,-1,False,7f4a82d9c92e2e8665617e2822780459fafe594040526ac6aefa86991e8ce0a6
main-S1,table2,100,3,100,2.237462962511927,2.267052682582289,1.8684070091694593,2.6384330121800303,100,0,100,-1,False,7f4a82d9c92e2e8665617e2822780459fafe594040526ac6aefa86991e8ce0a6
main-S1,table2,1000,3,100,2.2699719993397593,2.31783764436841,1.9473920110613108,2.6750449324026704,100,0,100,-1,False,7f4a82d9c92e2e8665617e2822780459fafe594040526ac6aefa86991e8ce0a6
main-S1,table2,2000,3,100,2.5268825702369213,2.5658653723075986,2.1661180071532726,3.0058659613132477,100,0,100,-1,False,7f4a82d9c92e2e8665617e2822780459fafe594040526ac6aefa86991e8ce0a6
branch-S1,table1,1,3,100,2.0135745289735496,3.2970472995657474,0.9679789654910564,8.858605055138469,95,0,100,-1,False,efc2c7585cb8be991cf136ae0288b94332309a8b44d53453184704f97820af4d
branch-S1,table1,10,3,100,1.5194324660114944,2.0436155900824815,1.156345009803772,8.509055944159627,100,0,100,-1,False,efc2c7585cb8be991cf136ae0288b94332309a8b44d53453184704f97820af4d
branch-S1,table1,100,3,100,1.2412305222824216,1.6459443024359643,0.9706090204417706,2.9426630353555083,100,0,100,-1,False,efc2c7585cb8be991cf136ae0288b94332309a8b44d53453184704f97820af4d
branch-S1,table1,1000,3,100,1.23730453196913,1.6954969381913543,0.9579699253663421,3.2369589898735285,100,0,100,-1,False,efc2c7585cb8be991cf136ae0288b94332309a8b44d53453184704f97820af4d
branch-S1,table1,2000,3,100,1.2577479938045144,1.7267067334614694,1.0029830737039447,3.033131011761725,100,0,100,-1,False,efc2c7585cb8be991cf136ae0288b94332309a8b44d53453184704f97820af4d
branch-S1,table1,8000,3,100,1.6871814732439816,2.2371714492328465,1.3730489881709218,3.8197649409994483,100,0,100,-1,False,efc2c7585cb8be991cf136ae0288b94332309a8b44d53453184704f97820af4d
branch-S1,table1,32000,3,100,2.7672885335050523,4.199586706236005,2.4875879753381014,5.880137090571225,100,0,100,-1,False,efc2c7585cb8be991cf136ae0288b94332309a8b44d53453184704f97820af4d
branch-S1,table2,100,3,100,2.0925739663653076,2.1206819999497384,1.6249340260401368,2.5139619829133153,100,0,100,-1,False,efc2c7585cb8be991cf136ae0288b94332309a8b44d53453184704f97820af4d
branch-S1,table2,1000,3,100,2.0190324867144227,2.0677780744154006,1.6056100139394403,2.4941390147432685,100,0,100,-1,False,efc2c7585cb8be991cf136ae0288b94332309a8b44d53453184704f97820af4d
branch-S1,table2,2000,3,100,2.0869969739578664,2.1306985069531947,1.6463010106235743,2.521501970477402,100,0,100,-1,False,efc2c7585cb8be991cf136ae0288b94332309a8b44d53453184704f97820af4d
branch-nostop-S4,table1,1,3,100,1.417278021108359,1.3884722464717925,1.1011740425601602,1.5016570687294006,96,0,400,-1,False,efc2c7585cb8be991cf136ae0288b94332309a8b44d53453184704f97820af4d
branch-nostop-S4,table1,10,3,100,1.4093840145505965,1.4182216476183385,1.2467579217627645,1.5184879302978516,100,0,400,-1,False,efc2c7585cb8be991cf136ae0288b94332309a8b44d53453184704f97820af4d
branch-nostop-S4,table1,100,3,100,1.3309274800121784,1.337968067964539,1.2626730604097247,1.4138149563223124,100,0,400,-1,False,efc2c7585cb8be991cf136ae0288b94332309a8b44d53453184704f97820af4d
branch-nostop-S4,table1,1000,3,100,1.3219609973020852,1.3249055622145534,1.2595740845426917,1.3731590006500483,100,0,400,-1,False,efc2c7585cb8be991cf136ae0288b94332309a8b44d53453184704f97820af4d
branch-nostop-S4,table1,2000,3,100,1.3901990023441613,1.3913723302539438,1.325468998402357,1.4482350088655949,100,0,400,-1,False,efc2c7585cb8be991cf136ae0288b94332309a8b44d53453184704f97820af4d
branch-nostop-S4,table1,8000,3,100,2.4780919775366783,2.4657824670430273,2.2306349128484726,2.6156690437346697,100,0,400,-1,False,efc2c7585cb8be991cf136ae0288b94332309a8b44d53453184704f97820af4d
branch-nostop-S4,table1,32000,3,100,6.842991977464408,6.81632754043676,6.0473199700936675,7.271499955095351,100,0,400,-1,False,efc2c7585cb8be991cf136ae0288b94332309a8b44d53453184704f97820af4d
branch-nostop-S4,table2,100,3,100,1.847273437306285,1.8560458056163043,1.7241371097043157,1.9239059183746576,100,0,400,-1,False,efc2c7585cb8be991cf136ae0288b94332309a8b44d53453184704f97820af4d
branch-nostop-S4,table2,1000,3,100,1.82758504524827,1.832490568049252,1.7367820255458355,1.8980869790539145,100,0,400,-1,False,efc2c7585cb8be991cf136ae0288b94332309a8b44d53453184704f97820af4d
branch-nostop-S4,table2,2000,3,100,1.9074429874308407,1.9099909521173686,1.8269489519298077,1.9889359828084707,100,0,400,-1,False,efc2c7585cb8be991cf136ae0288b94332309a8b44d53453184704f97820af4d
main-S4,table1,1,3,100,1.509540539700538,1.477530028205365,1.165432040579617,1.5999519964680076,96,0,400,-1,False,7f4a82d9c92e2e8665617e2822780459fafe594040526ac6aefa86991e8ce0a6
main-S4,table1,10,3,100,1.4950589975342155,1.5047872753348202,1.3192149344831705,1.6148549038916826,100,0,400,-1,False,7f4a82d9c92e2e8665617e2822780459fafe594040526ac6aefa86991e8ce0a6
main-S4,table1,100,3,100,1.4147780020721257,1.428998721530661,1.337536028586328,1.5031410148367286,100,0,400,-1,False,7f4a82d9c92e2e8665617e2822780459fafe594040526ac6aefa86991e8ce0a6
main-S4,table1,1000,3,100,1.4001659583300352,1.4031210634857416,1.301392912864685,1.4536159578710794,100,0,400,-1,False,7f4a82d9c92e2e8665617e2822780459fafe594040526ac6aefa86991e8ce0a6
main-S4,table1,2000,3,100,1.4682994806207716,1.4719941467046738,1.393378945067525,1.5370830660685897,100,0,400,-1,False,7f4a82d9c92e2e8665617e2822780459fafe594040526ac6aefa86991e8ce0a6
main-S4,table1,8000,3,100,2.6384700322523713,2.631204245844856,2.267922041937709,2.782688941806555,100,0,400,-1,False,7f4a82d9c92e2e8665617e2822780459fafe594040526ac6aefa86991e8ce0a6
main-S4,table1,32000,3,100,7.278409437276423,7.241854997118935,6.356167956255376,7.676391047425568,100,0,400,-1,False,7f4a82d9c92e2e8665617e2822780459fafe594040526ac6aefa86991e8ce0a6
main-S4,table2,100,3,100,2.1343135158531368,2.143692731624469,2.005885005928576,2.2070450941100717,100,0,400,-1,False,7f4a82d9c92e2e8665617e2822780459fafe594040526ac6aefa86991e8ce0a6
main-S4,table2,1000,3,100,2.226658456493169,2.2340979776345193,2.1383570274338126,2.310590003617108,100,0,400,-1,False,7f4a82d9c92e2e8665617e2822780459fafe594040526ac6aefa86991e8ce0a6
main-S4,table2,2000,3,100,2.5427755317650735,2.545483976136893,2.408981090411544,2.6355780428275466,100,0,400,-1,False,7f4a82d9c92e2e8665617e2822780459fafe594040526ac6aefa86991e8ce0a6
branch-S4,table1,1,3,100,1.4165040338411927,1.388060823082924,1.0903329821303487,1.5003669541329145,96,0,400,-1,False,efc2c7585cb8be991cf136ae0288b94332309a8b44d53453184704f97820af4d
branch-S4,table1,10,3,100,1.4091234770603478,1.4169589744415134,1.2483519967645407,1.5179639449343085,100,0,400,-1,False,efc2c7585cb8be991cf136ae0288b94332309a8b44d53453184704f97820af4d
branch-S4,table1,100,3,100,1.3315099640749395,1.337675036629662,1.261092023923993,1.410644967108965,100,0,400,-1,False,efc2c7585cb8be991cf136ae0288b94332309a8b44d53453184704f97820af4d
branch-S4,table1,1000,3,100,1.3216950464993715,1.323997750878334,1.2601750204339623,1.3684900477528572,100,0,400,-1,False,efc2c7585cb8be991cf136ae0288b94332309a8b44d53453184704f97820af4d
branch-S4,table1,2000,3,100,1.3925635139457881,1.3939500087872148,1.3258729595690966,1.4499400276690722,100,0,400,-1,False,efc2c7585cb8be991cf136ae0288b94332309a8b44d53453184704f97820af4d
branch-S4,table1,8000,3,100,2.48570553958416,2.4756578891538084,2.1894030505791306,2.62324302457273,100,0,400,-1,False,efc2c7585cb8be991cf136ae0288b94332309a8b44d53453184704f97820af4d
branch-S4,table1,32000,3,100,6.836149492301047,6.810222879284993,5.973892053589225,7.225313107483089,100,0,400,-1,False,efc2c7585cb8be991cf136ae0288b94332309a8b44d53453184704f97820af4d
branch-S4,table2,100,3,100,1.8659309716895223,1.8814730597659945,1.7384550301358104,1.9474440487101674,100,0,400,-1,False,efc2c7585cb8be991cf136ae0288b94332309a8b44d53453184704f97820af4d
branch-S4,table2,1000,3,100,1.8561790348030627,1.8614095717202872,1.765725901350379,1.9369770307093859,100,0,400,-1,False,efc2c7585cb8be991cf136ae0288b94332309a8b44d53453184704f97820af4d
branch-S4,table2,2000,3,100,1.9439434981904924,1.9502115214709193,1.8678880296647549,2.0212349481880665,100,0,400,-1,False,efc2c7585cb8be991cf136ae0288b94332309a8b44d53453184704f97820af4d
main-S1,table1,1,4,100,2.045732457190752,3.350051223533228,0.9903369937092066,8.969133021309972,95,0,100,-1,False,7f4a82d9c92e2e8665617e2822780459fafe594040526ac6aefa86991e8ce0a6
main-S1,table1,10,4,100,1.5578040038235486,2.0806790224742144,1.1729669058695436,8.613408077508211,100,0,100,-1,False,7f4a82d9c92e2e8665617e2822780459fafe594040526ac6aefa86991e8ce0a6
main-S1,table1,100,4,100,1.2611745041795075,1.6681952588260174,0.987011007964611,2.9807150131091475,100,0,100,-1,False,7f4a82d9c92e2e8665617e2822780459fafe594040526ac6aefa86991e8ce0a6
main-S1,table1,1000,4,100,1.2521854951046407,1.7143528466112912,0.9759559761732817,2.992684952914715,100,0,100,-1,False,7f4a82d9c92e2e8665617e2822780459fafe594040526ac6aefa86991e8ce0a6
main-S1,table1,2000,4,100,1.2655729660764337,1.7455064156092703,1.0234089568257332,3.060520044527948,100,0,100,-1,False,7f4a82d9c92e2e8665617e2822780459fafe594040526ac6aefa86991e8ce0a6
main-S1,table1,8000,4,100,1.6893190331757069,2.260390353621915,1.3769599609076977,3.8270719815045595,100,0,100,-1,False,7f4a82d9c92e2e8665617e2822780459fafe594040526ac6aefa86991e8ce0a6
main-S1,table1,32000,4,100,3.2608385081402957,4.736495187971741,2.63314601033926,7.7731210039928555,100,0,100,-1,False,7f4a82d9c92e2e8665617e2822780459fafe594040526ac6aefa86991e8ce0a6
main-S1,table2,100,4,100,2.236376516520977,2.264217999763787,1.8634330481290817,2.648744033649564,100,0,100,-1,False,7f4a82d9c92e2e8665617e2822780459fafe594040526ac6aefa86991e8ce0a6
main-S1,table2,1000,4,100,2.2689304896630347,2.3113481618929654,1.9557540072128177,2.6806150563061237,100,0,100,-1,False,7f4a82d9c92e2e8665617e2822780459fafe594040526ac6aefa86991e8ce0a6
main-S1,table2,2000,4,100,2.526334021240473,2.5555847655050457,2.1894009551033378,2.9998590471222997,100,0,100,-1,False,7f4a82d9c92e2e8665617e2822780459fafe594040526ac6aefa86991e8ce0a6
branch-S1,table1,1,4,100,2.0132145145908,3.2981271238531917,0.9669369319453835,8.858042070642114,95,0,100,-1,False,efc2c7585cb8be991cf136ae0288b94332309a8b44d53453184704f97820af4d
branch-S1,table1,10,4,100,1.519321056548506,2.0415228011552244,1.1554539669305086,8.494436042383313,100,0,100,-1,False,efc2c7585cb8be991cf136ae0288b94332309a8b44d53453184704f97820af4d
branch-S1,table1,100,4,100,1.2439005076885223,1.6456804831977934,0.9736430365592241,2.9428399866446853,100,0,100,-1,False,efc2c7585cb8be991cf136ae0288b94332309a8b44d53453184704f97820af4d
branch-S1,table1,1000,4,100,1.235939038451761,1.686538775684312,0.9590249974280596,3.2047280110418797,100,0,100,-1,False,efc2c7585cb8be991cf136ae0288b94332309a8b44d53453184704f97820af4d
branch-S1,table1,2000,4,100,1.2392664793878794,1.724891884950921,1.0039720218628645,3.0343090184032917,100,0,100,-1,False,efc2c7585cb8be991cf136ae0288b94332309a8b44d53453184704f97820af4d
branch-S1,table1,8000,4,100,1.6735660028643906,2.2374458611011505,1.371225924231112,3.879901021718979,100,0,100,-1,False,efc2c7585cb8be991cf136ae0288b94332309a8b44d53453184704f97820af4d
branch-S1,table1,32000,4,100,2.770118007902056,4.189011437119916,2.455732086673379,5.882336059585214,100,0,100,-1,False,efc2c7585cb8be991cf136ae0288b94332309a8b44d53453184704f97820af4d
branch-S1,table2,100,4,100,2.0984914735890925,2.1178032376337796,1.6251939814537764,2.463151002302766,100,0,100,-1,False,efc2c7585cb8be991cf136ae0288b94332309a8b44d53453184704f97820af4d
branch-S1,table2,1000,4,100,2.0032195025123656,2.0663171098567545,1.6020960174500942,2.510740072466433,100,0,100,-1,False,efc2c7585cb8be991cf136ae0288b94332309a8b44d53453184704f97820af4d
branch-S1,table2,2000,4,100,2.089093963149935,2.127700364217162,1.6426369547843933,2.5229270104318857,100,0,100,-1,False,efc2c7585cb8be991cf136ae0288b94332309a8b44d53453184704f97820af4d
branch-nostop-S1,table1,1,4,100,2.0126659655943513,3.295568061294034,0.9656880283728242,8.857683977112174,95,0,100,-1,False,efc2c7585cb8be991cf136ae0288b94332309a8b44d53453184704f97820af4d
branch-nostop-S1,table1,10,4,100,1.518348464742303,2.0407945138867944,1.154551049694419,8.496371912769973,100,0,100,-1,False,efc2c7585cb8be991cf136ae0288b94332309a8b44d53453184704f97820af4d
branch-nostop-S1,table1,100,4,100,1.2468540226109326,1.6441032418515533,0.971765024587512,2.9527409933507442,100,0,100,-1,False,efc2c7585cb8be991cf136ae0288b94332309a8b44d53453184704f97820af4d
branch-nostop-S1,table1,1000,4,100,1.2251659645698965,1.6908705909736454,0.9579820325598121,3.2102239783853292,100,0,100,-1,False,efc2c7585cb8be991cf136ae0288b94332309a8b44d53453184704f97820af4d
branch-nostop-S1,table1,2000,4,100,1.2576724402606487,1.7280412942636758,1.0076960315927863,3.0283370288088918,100,0,100,-1,False,efc2c7585cb8be991cf136ae0288b94332309a8b44d53453184704f97820af4d
branch-nostop-S1,table1,8000,4,100,1.6916125314310193,2.262434709118679,1.3872940326109529,3.8675860268995166,100,0,100,-1,False,efc2c7585cb8be991cf136ae0288b94332309a8b44d53453184704f97820af4d
branch-nostop-S1,table1,32000,4,100,2.780463546514511,4.181227774824947,2.4572290712967515,5.87581202853471,100,0,100,-1,False,efc2c7585cb8be991cf136ae0288b94332309a8b44d53453184704f97820af4d
branch-nostop-S1,table2,100,4,100,2.0465495181269944,2.06750045879744,1.5733169857412577,2.43984698317945,100,0,100,-1,False,efc2c7585cb8be991cf136ae0288b94332309a8b44d53453184704f97820af4d
branch-nostop-S1,table2,1000,4,100,1.9614284974522889,2.0026640756987035,1.65450107306242,2.3549189791083336,100,0,100,-1,False,efc2c7585cb8be991cf136ae0288b94332309a8b44d53453184704f97820af4d
branch-nostop-S1,table2,2000,4,100,2.021746535319835,2.055456421803683,1.7073610797524452,2.403095946647227,100,0,100,-1,False,efc2c7585cb8be991cf136ae0288b94332309a8b44d53453184704f97820af4d
main-S4,table1,1,4,100,1.5095350099727511,1.4773015363607556,1.1649219086393714,1.5996299916878343,96,0,400,-1,False,7f4a82d9c92e2e8665617e2822780459fafe594040526ac6aefa86991e8ce0a6
main-S4,table1,10,4,100,1.4956520171836019,1.5036477067042142,1.3167529832571745,1.6150129958987236,100,0,400,-1,False,7f4a82d9c92e2e8665617e2822780459fafe594040526ac6aefa86991e8ce0a6
main-S4,table1,100,4,100,1.4097405364736915,1.4173047372605652,1.3322110753506422,1.4991139760240912,100,0,400,-1,False,7f4a82d9c92e2e8665617e2822780459fafe594040526ac6aefa86991e8ce0a6
main-S4,table1,1000,4,100,1.397607964463532,1.4003905339632183,1.3014820870012045,1.4592709485441446,100,0,400,-1,False,7f4a82d9c92e2e8665617e2822780459fafe594040526ac6aefa86991e8ce0a6
main-S4,table1,2000,4,100,1.464430068153888,1.4707381406333297,1.385014969855547,1.5315640484914184,100,0,400,-1,False,7f4a82d9c92e2e8665617e2822780459fafe594040526ac6aefa86991e8ce0a6
main-S4,table1,8000,4,100,2.628792019095272,2.619303937535733,2.2431680699810386,2.775041968561709,100,0,400,-1,False,7f4a82d9c92e2e8665617e2822780459fafe594040526ac6aefa86991e8ce0a6
main-S4,table1,32000,4,100,7.25421606330201,7.21434619044885,6.401577033102512,7.660556002520025,100,0,400,-1,False,7f4a82d9c92e2e8665617e2822780459fafe594040526ac6aefa86991e8ce0a6
main-S4,table2,100,4,100,2.1313350298441947,2.1419898269232363,2.0072419429197907,2.2159410873427987,100,0,400,-1,False,7f4a82d9c92e2e8665617e2822780459fafe594040526ac6aefa86991e8ce0a6
main-S4,table2,1000,4,100,2.227418008260429,2.233158090384677,2.133833011612296,2.3126829182729125,100,0,400,-1,False,7f4a82d9c92e2e8665617e2822780459fafe594040526ac6aefa86991e8ce0a6
main-S4,table2,2000,4,100,2.5449339882470667,2.5453023228328675,2.4104189360514283,2.62624304741621,100,0,400,-1,False,7f4a82d9c92e2e8665617e2822780459fafe594040526ac6aefa86991e8ce0a6
branch-S4,table1,1,4,100,1.4162450679577887,1.3877902273088694,1.0998559882864356,1.5005170134827495,96,0,400,-1,False,efc2c7585cb8be991cf136ae0288b94332309a8b44d53453184704f97820af4d
branch-S4,table1,10,4,100,1.4089199830777943,1.418049194617197,1.2478079879656434,1.5172009589150548,100,0,400,-1,False,efc2c7585cb8be991cf136ae0288b94332309a8b44d53453184704f97820af4d
branch-S4,table1,100,4,100,1.3319234712980688,1.3377838709857315,1.259982935152948,1.4087740564718843,100,0,400,-1,False,efc2c7585cb8be991cf136ae0288b94332309a8b44d53453184704f97820af4d
branch-S4,table1,1000,4,100,1.323941512964666,1.3247440184932202,1.2630419805645943,1.371643040329218,100,0,400,-1,False,efc2c7585cb8be991cf136ae0288b94332309a8b44d53453184704f97820af4d
branch-S4,table1,2000,4,100,1.389614015351981,1.3913753489032388,1.292237895540893,1.4471900649368763,100,0,400,-1,False,efc2c7585cb8be991cf136ae0288b94332309a8b44d53453184704f97820af4d
branch-S4,table1,8000,4,100,2.48785805888474,2.4756733886897564,2.2378870053216815,2.6258790167048573,100,0,400,-1,False,efc2c7585cb8be991cf136ae0288b94332309a8b44d53453184704f97820af4d
branch-S4,table1,32000,4,100,6.825782998930663,6.808065844234079,5.974703934043646,7.256499025970697,100,0,400,-1,False,efc2c7585cb8be991cf136ae0288b94332309a8b44d53453184704f97820af4d
branch-S4,table2,100,4,100,1.8663184018805623,1.8749771488364786,1.7458030488342047,1.942328060977161,100,0,400,-1,False,efc2c7585cb8be991cf136ae0288b94332309a8b44d53453184704f97820af4d
branch-S4,table2,1000,4,100,1.8549285014159977,1.859284903621301,1.7696450231596828,1.9361720187589526,100,0,400,-1,False,efc2c7585cb8be991cf136ae0288b94332309a8b44d53453184704f97820af4d
branch-S4,table2,2000,4,100,1.9421219476498663,1.9500173616688699,1.8584629287943244,2.0341419149190187,100,0,400,-1,False,efc2c7585cb8be991cf136ae0288b94332309a8b44d53453184704f97820af4d
branch-nostop-S4,table1,1,4,100,1.4179775025695562,1.3890309340786189,1.10212794970721,1.502827974036336,96,0,400,-1,False,efc2c7585cb8be991cf136ae0288b94332309a8b44d53453184704f97820af4d
branch-nostop-S4,table1,10,4,100,1.4105340233072639,1.4185805525630713,1.248454093001783,1.5181830385699868,100,0,400,-1,False,efc2c7585cb8be991cf136ae0288b94332309a8b44d53453184704f97820af4d
branch-nostop-S4,table1,100,4,100,1.332795014604926,1.3388021325226873,1.2619930785149336,1.4113649958744645,100,0,400,-1,False,efc2c7585cb8be991cf136ae0288b94332309a8b44d53453184704f97820af4d
branch-nostop-S4,table1,1000,4,100,1.3229420292191207,1.3241008552722633,1.264821970835328,1.3706510653719306,100,0,400,-1,False,efc2c7585cb8be991cf136ae0288b94332309a8b44d53453184704f97820af4d
branch-nostop-S4,table1,2000,4,100,1.393621030729264,1.3952445948962122,1.3312179362401366,1.4610240468755364,100,0,400,-1,False,efc2c7585cb8be991cf136ae0288b94332309a8b44d53453184704f97820af4d
branch-nostop-S4,table1,8000,4,100,2.4784329580143094,2.4698866775725037,2.186640980653465,2.618921105749905,100,0,400,-1,False,efc2c7585cb8be991cf136ae0288b94332309a8b44d53453184704f97820af4d
branch-nostop-S4,table1,32000,4,100,6.837739434558898,6.80199810070917,6.0154530219733715,7.165748975239694,100,0,400,-1,False,efc2c7585cb8be991cf136ae0288b94332309a8b44d53453184704f97820af4d
branch-nostop-S4,table2,100,4,100,1.8502059392631054,1.8579293065704405,1.7278720624744892,1.9277790561318398,100,0,400,-1,False,efc2c7585cb8be991cf136ae0288b94332309a8b44d53453184704f97820af4d
branch-nostop-S4,table2,1000,4,100,1.8281855154782534,1.8336059164721519,1.730766030959785,1.907208003103733,100,0,400,-1,False,efc2c7585cb8be991cf136ae0288b94332309a8b44d53453184704f97820af4d
branch-nostop-S4,table2,2000,4,100,1.896705012768507,1.9039342284668237,1.7857219791039824,1.9892100244760513,100,0,400,-1,False,efc2c7585cb8be991cf136ae0288b94332309a8b44d53453184704f97820af4d
branch-S1,table1,1,5,100,2.0129639306105673,3.296520169824362,0.9682889794930816,8.855452993884683,95,0,100,-1,False,efc2c7585cb8be991cf136ae0288b94332309a8b44d53453184704f97820af4d
branch-S1,table1,10,5,100,1.5194130246527493,2.0409191970247775,1.1568409390747547,8.50362901110202,100,0,100,-1,False,efc2c7585cb8be991cf136ae0288b94332309a8b44d53453184704f97820af4d
branch-S1,table1,100,5,100,1.2438860721886158,1.644075121730566,0.9734139312058687,2.9521200340241194,100,0,100,-1,False,efc2c7585cb8be991cf136ae0288b94332309a8b44d53453184704f97820af4d
branch-S1,table1,1000,5,100,1.22462201397866,1.6909642552491277,0.9573190473020077,2.951448899693787,100,0,100,-1,False,efc2c7585cb8be991cf136ae0288b94332309a8b44d53453184704f97820af4d
branch-S1,table1,2000,5,100,1.2509690131992102,1.7206650483421981,1.0022100759670138,2.871572971343994,100,0,100,-1,False,efc2c7585cb8be991cf136ae0288b94332309a8b44d53453184704f97820af4d
branch-S1,table1,8000,5,100,1.6952710575424135,2.2488802031148225,1.3796380953863263,3.809542045928538,100,0,100,-1,False,efc2c7585cb8be991cf136ae0288b94332309a8b44d53453184704f97820af4d
branch-S1,table1,32000,5,100,2.7669494156725705,4.182230978040025,2.38713005091995,5.894839996472001,100,0,100,-1,False,efc2c7585cb8be991cf136ae0288b94332309a8b44d53453184704f97820af4d
branch-S1,table2,100,5,100,2.095907984767109,2.1192223869729787,1.62514706607908,2.511338912881911,100,0,100,-1,False,efc2c7585cb8be991cf136ae0288b94332309a8b44d53453184704f97820af4d
branch-S1,table2,1000,5,100,2.0067799487151206,2.0652595872525126,1.600627088919282,2.492796047590673,100,0,100,-1,False,efc2c7585cb8be991cf136ae0288b94332309a8b44d53453184704f97820af4d
branch-S1,table2,2000,5,100,2.0851235021837056,2.130624884739518,1.642105053178966,2.529551973566413,100,0,100,-1,False,efc2c7585cb8be991cf136ae0288b94332309a8b44d53453184704f97820af4d
branch-nostop-S1,table1,1,5,100,2.012934535741806,3.2961178349796683,0.9669180726632476,8.856537053361535,95,0,100,-1,False,efc2c7585cb8be991cf136ae0288b94332309a8b44d53453184704f97820af4d
branch-nostop-S1,table1,10,5,100,1.5172840212471783,2.041736686369404,1.1545659508556128,8.492617052979767,100,0,100,-1,False,efc2c7585cb8be991cf136ae0288b94332309a8b44d53453184704f97820af4d
branch-nostop-S1,table1,100,5,100,1.2402604334056377,1.6434337280225009,0.9725589770823717,2.946380991488695,100,0,100,-1,False,efc2c7585cb8be991cf136ae0288b94332309a8b44d53453184704f97820af4d
branch-nostop-S1,table1,1000,5,100,1.2339564855210483,1.6953959432430565,0.9507529903203249,3.2069049775600433,100,0,100,-1,False,efc2c7585cb8be991cf136ae0288b94332309a8b44d53453184704f97820af4d
branch-nostop-S1,table1,2000,5,100,1.2610259582288563,1.7277015384752303,1.0038800537586212,3.0277749756351113,100,0,100,-1,False,efc2c7585cb8be991cf136ae0288b94332309a8b44d53453184704f97820af4d
branch-nostop-S1,table1,8000,5,100,1.6893329448066652,2.244238421553746,1.3753620442003012,3.7962059723213315,100,0,100,-1,False,efc2c7585cb8be991cf136ae0288b94332309a8b44d53453184704f97820af4d
branch-nostop-S1,table1,32000,5,100,2.768061007373035,4.190420159138739,2.3909169249236584,5.885228980332613,100,0,100,-1,False,efc2c7585cb8be991cf136ae0288b94332309a8b44d53453184704f97820af4d
branch-nostop-S1,table2,100,5,100,2.0518630044534802,2.0704972639214247,1.5756339998915792,2.451995969749987,100,0,100,-1,False,efc2c7585cb8be991cf136ae0288b94332309a8b44d53453184704f97820af4d
branch-nostop-S1,table2,1000,5,100,1.9588469876907766,2.007076321169734,1.644411007873714,2.343008993193507,100,0,100,-1,False,efc2c7585cb8be991cf136ae0288b94332309a8b44d53453184704f97820af4d
branch-nostop-S1,table2,2000,5,100,2.0244515035301447,2.061084354063496,1.7201779410243034,2.513684914447367,100,0,100,-1,False,efc2c7585cb8be991cf136ae0288b94332309a8b44d53453184704f97820af4d
main-S1,table1,1,5,100,2.051053976174444,3.3510233275592327,0.9907890344038606,8.970065973699093,95,0,100,-1,False,7f4a82d9c92e2e8665617e2822780459fafe594040526ac6aefa86991e8ce0a6
main-S1,table1,10,5,100,1.5567719819955528,2.081544012762606,1.1762049980461597,8.603562950156629,100,0,100,-1,False,7f4a82d9c92e2e8665617e2822780459fafe594040526ac6aefa86991e8ce0a6
main-S1,table1,100,5,100,1.2670545256696641,1.6700751485768706,1.0028909891843796,2.9872639570385218,100,0,100,-1,False,7f4a82d9c92e2e8665617e2822780459fafe594040526ac6aefa86991e8ce0a6
main-S1,table1,1000,5,100,1.2560394825413823,1.70950737898238,0.9719440713524818,3.258415963500738,100,0,100,-1,False,7f4a82d9c92e2e8665617e2822780459fafe594040526ac6aefa86991e8ce0a6
main-S1,table1,2000,5,100,1.287972496356815,1.7580309801269323,1.0210470063611865,3.0744019895792007,100,0,100,-1,False,7f4a82d9c92e2e8665617e2822780459fafe594040526ac6aefa86991e8ce0a6
main-S1,table1,8000,5,100,1.6860155737958848,2.260023195995018,1.3783469330519438,3.888989915139973,100,0,100,-1,False,7f4a82d9c92e2e8665617e2822780459fafe594040526ac6aefa86991e8ce0a6
main-S1,table1,32000,5,100,3.249249013606459,4.720039082458243,2.6462359819561243,7.757148006930947,100,0,100,-1,False,7f4a82d9c92e2e8665617e2822780459fafe594040526ac6aefa86991e8ce0a6
main-S1,table2,100,5,100,2.236223022919148,2.2660976799670607,1.866708043962717,2.6467699790373445,100,0,100,-1,False,7f4a82d9c92e2e8665617e2822780459fafe594040526ac6aefa86991e8ce0a6
main-S1,table2,1000,5,100,2.266677503939718,2.3134948895312846,1.944641931913793,2.7211590204387903,100,0,100,-1,False,7f4a82d9c92e2e8665617e2822780459fafe594040526ac6aefa86991e8ce0a6
main-S1,table2,2000,5,100,2.5269135367125273,2.5616426207125187,2.198189962655306,3.001062083058059,100,0,100,-1,False,7f4a82d9c92e2e8665617e2822780459fafe594040526ac6aefa86991e8ce0a6
branch-S4,table1,1,5,100,1.4160785358399153,1.387779185315594,1.099074026569724,1.5003520529717207,96,0,400,-1,False,efc2c7585cb8be991cf136ae0288b94332309a8b44d53453184704f97820af4d
branch-S4,table1,10,5,100,1.410920056514442,1.4194703404791653,1.2472809758037329,1.5182499773800373,100,0,400,-1,False,efc2c7585cb8be991cf136ae0288b94332309a8b44d53453184704f97820af4d
branch-S4,table1,100,5,100,1.3313934323377907,1.3383739616256207,1.2611920246854424,1.4107259921729565,100,0,400,-1,False,efc2c7585cb8be991cf136ae0288b94332309a8b44d53453184704f97820af4d
branch-S4,table1,1000,5,100,1.324535463936627,1.325389868579805,1.2541450560092926,1.376354950480163,100,0,400,-1,False,efc2c7585cb8be991cf136ae0288b94332309a8b44d53453184704f97820af4d
branch-S4,table1,2000,5,100,1.390067976899445,1.3917367241811007,1.3126430567353964,1.4510720502585173,100,0,400,-1,False,efc2c7585cb8be991cf136ae0288b94332309a8b44d53453184704f97820af4d
branch-S4,table1,8000,5,100,2.485367003828287,2.472984038759023,2.226743963547051,2.616734942421317,100,0,400,-1,False,efc2c7585cb8be991cf136ae0288b94332309a8b44d53453184704f97820af4d
branch-S4,table1,32000,5,100,6.8267834722064435,6.801995494170114,6.00161193870008,7.190825999714434,100,0,400,-1,False,efc2c7585cb8be991cf136ae0288b94332309a8b44d53453184704f97820af4d
branch-S4,table2,100,5,100,1.8652105354703963,1.8747904908377677,1.7358050681650639,1.9420729950070381,100,0,400,-1,False,efc2c7585cb8be991cf136ae0288b94332309a8b44d53453184704f97820af4d
branch-S4,table2,1000,5,100,1.8536574789322913,1.8587771034799516,1.765622990205884,1.9271899946033955,100,0,400,-1,False,efc2c7585cb8be991cf136ae0288b94332309a8b44d53453184704f97820af4d
branch-S4,table2,2000,5,100,1.942851988133043,1.9487281690817326,1.8597429152578115,2.019452047534287,100,0,400,-1,False,efc2c7585cb8be991cf136ae0288b94332309a8b44d53453184704f97820af4d
branch-nostop-S4,table1,1,5,100,1.4163925079628825,1.3881691452115774,1.100716064684093,1.500881975516677,96,0,400,-1,False,efc2c7585cb8be991cf136ae0288b94332309a8b44d53453184704f97820af4d
branch-nostop-S4,table1,10,5,100,1.4085330185480416,1.4184519788250327,1.2491639936342835,1.5180370537564158,100,0,400,-1,False,efc2c7585cb8be991cf136ae0288b94332309a8b44d53453184704f97820af4d
branch-nostop-S4,table1,100,5,100,1.3323460007086396,1.3389259716495872,1.2614700244739652,1.4123480068519711,100,0,400,-1,False,efc2c7585cb8be991cf136ae0288b94332309a8b44d53453184704f97820af4d
branch-nostop-S4,table1,1000,5,100,1.3220144901424646,1.3257432170212269,1.2608940014615655,1.3755050022155046,100,0,400,-1,False,efc2c7585cb8be991cf136ae0288b94332309a8b44d53453184704f97820af4d
branch-nostop-S4,table1,2000,5,100,1.3868114328943193,1.3905526674352586,1.3190070167183876,1.4478230150416493,100,0,400,-1,False,efc2c7585cb8be991cf136ae0288b94332309a8b44d53453184704f97820af4d
branch-nostop-S4,table1,8000,5,100,2.489425940439105,2.475973798427731,2.2408219520002604,2.6224430184811354,100,0,400,-1,False,efc2c7585cb8be991cf136ae0288b94332309a8b44d53453184704f97820af4d
branch-nostop-S4,table1,32000,5,100,6.852970051113516,6.832402780419216,6.017568055540323,7.246030028909445,100,0,400,-1,False,efc2c7585cb8be991cf136ae0288b94332309a8b44d53453184704f97820af4d
branch-nostop-S4,table2,100,5,100,1.8465739558450878,1.8559416255448014,1.7208399949595332,1.9276590319350362,100,0,400,-1,False,efc2c7585cb8be991cf136ae0288b94332309a8b44d53453184704f97820af4d
branch-nostop-S4,table2,1000,5,100,1.826861989684403,1.832485143095255,1.7377870390191674,1.9027210073545575,100,0,400,-1,False,efc2c7585cb8be991cf136ae0288b94332309a8b44d53453184704f97820af4d
branch-nostop-S4,table2,2000,5,100,1.9075835007242858,1.9103978818748146,1.7915400676429272,1.9749560160562396,100,0,400,-1,False,efc2c7585cb8be991cf136ae0288b94332309a8b44d53453184704f97820af4d
main-S4,table1,1,5,100,1.5075690462253988,1.4767260593362153,1.1654890840873122,1.5994790010154247,96,0,400,-1,False,7f4a82d9c92e2e8665617e2822780459fafe594040526ac6aefa86991e8ce0a6
main-S4,table1,10,5,100,1.4951099874451756,1.504334491910413,1.3198460219427943,1.6171239549294114,100,0,400,-1,False,7f4a82d9c92e2e8665617e2822780459fafe594040526ac6aefa86991e8ce0a6
main-S4,table1,100,5,100,1.4094124780967832,1.41646348987706,1.333898981101811,1.4998969854786992,100,0,400,-1,False,7f4a82d9c92e2e8665617e2822780459fafe594040526ac6aefa86991e8ce0a6
main-S4,table1,1000,5,100,1.3970169820822775,1.4003858529031277,1.317688962444663,1.4590999344363809,100,0,400,-1,False,7f4a82d9c92e2e8665617e2822780459fafe594040526ac6aefa86991e8ce0a6
main-S4,table1,2000,5,100,1.4653539401479065,1.4698361977934837,1.3900140766054392,1.5266260597854853,100,0,400,-1,False,7f4a82d9c92e2e8665617e2822780459fafe594040526ac6aefa86991e8ce0a6
main-S4,table1,8000,5,100,2.6290619862265885,2.623238314408809,2.2359859431162477,2.780732000246644,100,0,400,-1,False,7f4a82d9c92e2e8665617e2822780459fafe594040526ac6aefa86991e8ce0a6
main-S4,table1,32000,5,100,7.285041501745582,7.217143714660779,6.365892942994833,7.655887980945408,100,0,400,-1,False,7f4a82d9c92e2e8665617e2822780459fafe594040526ac6aefa86991e8ce0a6
main-S4,table2,100,5,100,2.1394244977273047,2.152184209553525,2.0127369789406657,2.2350179497152567,100,0,400,-1,False,7f4a82d9c92e2e8665617e2822780459fafe594040526ac6aefa86991e8ce0a6
main-S4,table2,1000,5,100,2.2303310106508434,2.236993290716782,2.1360060200095177,2.3156149545684457,100,0,400,-1,False,7f4a82d9c92e2e8665617e2822780459fafe594040526ac6aefa86991e8ce0a6
main-S4,table2,2000,5,100,2.5403035106137395,2.5444169726688415,2.4124119663611054,2.6205930626019835,100,0,400,-1,False,7f4a82d9c92e2e8665617e2822780459fafe594040526ac6aefa86991e8ce0a6
branch-nostop-S1,table1,1,6,100,2.012969518546015,3.2962912903167307,0.966008985415101,8.857248933054507,95,0,100,-1,False,efc2c7585cb8be991cf136ae0288b94332309a8b44d53453184704f97820af4d
branch-nostop-S1,table1,10,6,100,1.51875801384449,2.042498845839873,1.1560979764908552,8.53421597275883,100,0,100,-1,False,efc2c7585cb8be991cf136ae0288b94332309a8b44d53453184704f97820af4d
branch-nostop-S1,table1,100,6,100,1.2430925271473825,1.6461612202692777,0.9741740068420768,2.943234983831644,100,0,100,-1,False,efc2c7585cb8be991cf136ae0288b94332309a8b44d53453184704f97820af4d
branch-nostop-S1,table1,1000,6,100,1.2566835503093898,1.696382334921509,0.9615840390324593,3.2170650083571672,100,0,100,-1,False,efc2c7585cb8be991cf136ae0288b94332309a8b44d53453184704f97820af4d
branch-nostop-S1,table1,2000,6,100,1.2692324817180634,1.733944796724245,1.0120871011167765,2.882275963202119,100,0,100,-1,False,efc2c7585cb8be991cf136ae0288b94332309a8b44d53453184704f97820af4d
branch-nostop-S1,table1,8000,6,100,1.706573471892625,2.261889975052327,1.37526192702353,3.7954490398988128,100,0,100,-1,False,efc2c7585cb8be991cf136ae0288b94332309a8b44d53453184704f97820af4d
branch-nostop-S1,table1,32000,6,100,2.757015055976808,4.192358877044171,2.3716710275039077,5.876239971257746,100,0,100,-1,False,efc2c7585cb8be991cf136ae0288b94332309a8b44d53453184704f97820af4d
branch-nostop-S1,table2,100,6,100,2.046905574388802,2.069091893499717,1.574237016029656,2.4436060339212418,100,0,100,-1,False,efc2c7585cb8be991cf136ae0288b94332309a8b44d53453184704f97820af4d
branch-nostop-S1,table2,1000,6,100,1.9605479901656508,2.001929967664182,1.649084035307169,2.354128984734416,100,0,100,-1,False,efc2c7585cb8be991cf136ae0288b94332309a8b44d53453184704f97820af4d
branch-nostop-S1,table2,2000,6,100,2.0192365045659244,2.049306535627693,1.7081269761547446,2.44237098377198,100,0,100,-1,False,efc2c7585cb8be991cf136ae0288b94332309a8b44d53453184704f97820af4d
main-S1,table1,1,6,100,2.051365503575653,3.349156746407971,0.9906310588121414,8.970857015810907,95,0,100,-1,False,7f4a82d9c92e2e8665617e2822780459fafe594040526ac6aefa86991e8ce0a6
main-S1,table1,10,6,100,1.5572885167784989,2.0817966444883496,1.1775479651987553,8.61361192073673,100,0,100,-1,False,7f4a82d9c92e2e8665617e2822780459fafe594040526ac6aefa86991e8ce0a6
main-S1,table1,100,6,100,1.2637440231628716,1.669098916463554,0.9879249846562743,2.9908340657129884,100,0,100,-1,False,7f4a82d9c92e2e8665617e2822780459fafe594040526ac6aefa86991e8ce0a6
main-S1,table1,1000,6,100,1.2668234994634986,1.718646512599662,0.975648988969624,2.978274947963655,100,0,100,-1,False,7f4a82d9c92e2e8665617e2822780459fafe594040526ac6aefa86991e8ce0a6
main-S1,table1,2000,6,100,1.2834229855798185,1.7472776188515127,1.0198999661952257,2.903467044234276,100,0,100,-1,False,7f4a82d9c92e2e8665617e2822780459fafe594040526ac6aefa86991e8ce0a6
main-S1,table1,8000,6,100,1.7006575362756848,2.258371664211154,1.3794340193271637,3.8474659668281674,100,0,100,-1,False,7f4a82d9c92e2e8665617e2822780459fafe594040526ac6aefa86991e8ce0a6
main-S1,table1,32000,6,100,3.261336009018123,4.761463406030089,2.6325760409235954,7.989753969013691,100,0,100,-1,False,7f4a82d9c92e2e8665617e2822780459fafe594040526ac6aefa86991e8ce0a6
main-S1,table2,100,6,100,2.234188956208527,2.26245409110561,1.8637430621311069,2.646851004101336,100,0,100,-1,False,7f4a82d9c92e2e8665617e2822780459fafe594040526ac6aefa86991e8ce0a6
main-S1,table2,1000,6,100,2.2628160077147186,2.3223295342177153,1.9472070271149278,2.7116360142827034,100,0,100,-1,False,7f4a82d9c92e2e8665617e2822780459fafe594040526ac6aefa86991e8ce0a6
main-S1,table2,2000,6,100,2.531005011405796,2.570453986991197,2.2027610102668405,3.0450719641521573,100,0,100,-1,False,7f4a82d9c92e2e8665617e2822780459fafe594040526ac6aefa86991e8ce0a6
branch-S1,table1,1,6,100,2.011839475017041,3.295642070006579,0.9673309978097677,8.857227978296578,95,0,100,-1,False,efc2c7585cb8be991cf136ae0288b94332309a8b44d53453184704f97820af4d
branch-S1,table1,10,6,100,1.5188395627774298,2.0425479707773775,1.1479150271043181,8.516550995409489,100,0,100,-1,False,efc2c7585cb8be991cf136ae0288b94332309a8b44d53453184704f97820af4d
branch-S1,table1,100,6,100,1.2466065236367285,1.6454174171667546,0.9731460595503449,2.9386370442807674,100,0,100,-1,False,efc2c7585cb8be991cf136ae0288b94332309a8b44d53453184704f97820af4d
branch-S1,table1,1000,6,100,1.2252199812792242,1.6939863457810134,0.959279015660286,3.2184720039367676,100,0,100,-1,False,efc2c7585cb8be991cf136ae0288b94332309a8b44d53453184704f97820af4d
branch-S1,table1,2000,6,100,1.2555739958770573,1.7213661049026996,1.004690071567893,2.881293068639934,100,0,100,-1,False,efc2c7585cb8be991cf136ae0288b94332309a8b44d53453184704f97820af4d
branch-S1,table1,8000,6,100,1.682585512753576,2.2356383339501917,1.3698880793526769,3.8063989486545324,100,0,100,-1,False,efc2c7585cb8be991cf136ae0288b94332309a8b44d53453184704f97820af4d
branch-S1,table1,32000,6,100,2.75044102454558,4.176601803628728,2.377878990955651,5.872493959031999,100,0,100,-1,False,efc2c7585cb8be991cf136ae0288b94332309a8b44d53453184704f97820af4d
branch-S1,table2,100,6,100,2.09030753467232,2.115512085147202,1.6275750240311027,2.4480370339006186,100,0,100,-1,False,efc2c7585cb8be991cf136ae0288b94332309a8b44d53453184704f97820af4d
branch-S1,table2,1000,6,100,2.006648515816778,2.0636619778815657,1.6004429198801517,2.492888947017491,100,0,100,-1,False,efc2c7585cb8be991cf136ae0288b94332309a8b44d53453184704f97820af4d
branch-S1,table2,2000,6,100,2.0890774903818965,2.1275509137194604,1.6376279527321458,2.5173529284074903,100,0,100,-1,False,efc2c7585cb8be991cf136ae0288b94332309a8b44d53453184704f97820af4d
branch-nostop-S4,table1,1,6,100,1.4159425045363605,1.3877276878338307,1.099511981010437,1.500653917901218,96,0,400,-1,False,efc2c7585cb8be991cf136ae0288b94332309a8b44d53453184704f97820af4d
branch-nostop-S4,table1,10,6,100,1.4087064773775637,1.4175335865002126,1.248380052857101,1.5163060743361712,100,0,400,-1,False,efc2c7585cb8be991cf136ae0288b94332309a8b44d53453184704f97820af4d
branch-nostop-S4,table1,100,6,100,1.332037034444511,1.3389752176590264,1.2630160199478269,1.4119138941168785,100,0,400,-1,False,efc2c7585cb8be991cf136ae0288b94332309a8b44d53453184704f97820af4d
branch-nostop-S4,table1,1000,6,100,1.3247185270301998,1.3258291082456708,1.262664096429944,1.3674519723281264,100,0,400,-1,False,efc2c7585cb8be991cf136ae0288b94332309a8b44d53453184704f97820af4d
branch-nostop-S4,table1,2000,6,100,1.3891630223952234,1.3910149969160557,1.3058340409770608,1.4481469988822937,100,0,400,-1,False,efc2c7585cb8be991cf136ae0288b94332309a8b44d53453184704f97820af4d
branch-nostop-S4,table1,8000,6,100,2.4924465105868876,2.473183321999386,2.1742809331044555,2.6149629848077893,100,0,400,-1,False,efc2c7585cb8be991cf136ae0288b94332309a8b44d53453184704f97820af4d
branch-nostop-S4,table1,32000,6,100,6.864532479085028,6.825830298475921,6.016537081450224,7.269493071362376,100,0,400,-1,False,efc2c7585cb8be991cf136ae0288b94332309a8b44d53453184704f97820af4d
branch-nostop-S4,table2,100,6,100,1.8512600217945874,1.858162364223972,1.7224570037797093,1.928801997564733,100,0,400,-1,False,efc2c7585cb8be991cf136ae0288b94332309a8b44d53453184704f97820af4d
branch-nostop-S4,table2,1000,6,100,1.8261445220559835,1.831390158040449,1.7345380038022995,1.9018019083887339,100,0,400,-1,False,efc2c7585cb8be991cf136ae0288b94332309a8b44d53453184704f97820af4d
branch-nostop-S4,table2,2000,6,100,1.9078264595009387,1.911500240676105,1.7883050022646785,1.977965934202075,100,0,400,-1,False,efc2c7585cb8be991cf136ae0288b94332309a8b44d53453184704f97820af4d
main-S4,table1,1,6,100,1.5106794890016317,1.477189331781119,1.1656290153041482,1.6003240598365664,96,0,400,-1,False,7f4a82d9c92e2e8665617e2822780459fafe594040526ac6aefa86991e8ce0a6
main-S4,table1,10,6,100,1.4936700463294983,1.5035781532060355,1.3177519431337714,1.6158840153366327,100,0,400,-1,False,7f4a82d9c92e2e8665617e2822780459fafe594040526ac6aefa86991e8ce0a6
main-S4,table1,100,6,100,1.4086884912103415,1.4164219715166837,1.3330369256436825,1.499998033978045,100,0,400,-1,False,7f4a82d9c92e2e8665617e2822780459fafe594040526ac6aefa86991e8ce0a6
main-S4,table1,1000,6,100,1.3989515136927366,1.3991467107553035,1.3061240315437317,1.4501329278573394,100,0,400,-1,False,7f4a82d9c92e2e8665617e2822780459fafe594040526ac6aefa86991e8ce0a6
main-S4,table1,2000,6,100,1.4624939649365842,1.4675468765199184,1.391216996125877,1.5245609683915973,100,0,400,-1,False,7f4a82d9c92e2e8665617e2822780459fafe594040526ac6aefa86991e8ce0a6
main-S4,table1,8000,6,100,2.632608055137098,2.616694786120206,2.263979986310005,2.7637379243969917,100,0,400,-1,False,7f4a82d9c92e2e8665617e2822780459fafe594040526ac6aefa86991e8ce0a6
main-S4,table1,32000,6,100,7.25337298354134,7.227702894015238,6.401370977982879,7.675028056837618,100,0,400,-1,False,7f4a82d9c92e2e8665617e2822780459fafe594040526ac6aefa86991e8ce0a6
main-S4,table2,100,6,100,2.1755884517915547,2.2513787704519928,2.0108160097151995,2.682410995475948,100,0,400,-1,False,7f4a82d9c92e2e8665617e2822780459fafe594040526ac6aefa86991e8ce0a6
main-S4,table2,1000,6,100,2.2290125489234924,2.237686952576041,2.1335710771381855,2.315604011528194,100,0,400,-1,False,7f4a82d9c92e2e8665617e2822780459fafe594040526ac6aefa86991e8ce0a6
main-S4,table2,2000,6,100,2.538394008297473,2.544458565535024,2.4115820415318012,2.6231129886582494,100,0,400,-1,False,7f4a82d9c92e2e8665617e2822780459fafe594040526ac6aefa86991e8ce0a6
branch-S4,table1,1,6,100,1.416416431311518,1.387909617042169,1.099703018553555,1.5010419301688671,96,0,400,-1,False,efc2c7585cb8be991cf136ae0288b94332309a8b44d53453184704f97820af4d
branch-S4,table1,10,6,100,1.409959513694048,1.4180857816245407,1.2466720072552562,1.5171549748629332,100,0,400,-1,False,efc2c7585cb8be991cf136ae0288b94332309a8b44d53453184704f97820af4d
branch-S4,table1,100,6,100,1.3314545503817499,1.3391202443744987,1.2624789960682392,1.4104669680818915,100,0,400,-1,False,efc2c7585cb8be991cf136ae0288b94332309a8b44d53453184704f97820af4d
branch-S4,table1,1000,6,100,1.31987250642851,1.3247586053330451,1.2604630319401622,1.370446989312768,100,0,400,-1,False,efc2c7585cb8be991cf136ae0288b94332309a8b44d53453184704f97820af4d
branch-S4,table1,2000,6,100,1.3888260000385344,1.3934410840738565,1.3294529635459185,1.4489049790427089,100,0,400,-1,False,efc2c7585cb8be991cf136ae0288b94332309a8b44d53453184704f97820af4d
branch-S4,table1,8000,6,100,2.4798845406621695,2.470995099283755,2.2379009751603007,2.631710027344525,100,0,400,-1,False,efc2c7585cb8be991cf136ae0288b94332309a8b44d53453184704f97820af4d
branch-S4,table1,32000,6,100,6.8307670298963785,6.810604927595705,5.995162995532155,7.266971981152892,100,0,400,-1,False,efc2c7585cb8be991cf136ae0288b94332309a8b44d53453184704f97820af4d
branch-S4,table2,100,6,100,1.865704485680908,1.876359285088256,1.7403790261596441,1.9429730018600821,100,0,400,-1,False,efc2c7585cb8be991cf136ae0288b94332309a8b44d53453184704f97820af4d
branch-S4,table2,1000,6,100,1.857353956438601,1.861703566974029,1.7664639744907618,1.933705061674118,100,0,400,-1,False,efc2c7585cb8be991cf136ae0288b94332309a8b44d53453184704f97820af4d
branch-S4,table2,2000,6,100,1.9452259875833988,1.9503180868923664,1.8606600351631641,2.016030950471759,100,0,400,-1,False,efc2c7585cb8be991cf136ae0288b94332309a8b44d53453184704f97820af4d
