solver,pose_id,q1,q2,q3,q4,q5,q6,q7
pyroki,0,-1.905693054,1.047981977,-0.2978692353,-2.141518831,0.9628875256,2.230680227,-0.1717234999
pyroki,0,-0.5940798521,-1.758354902,-2.250056267,-2.102431059,-1.381595135,1.805347681,1.233451843
pyroki,0,-0.4221168458,-1.559955716,-2.341802835,-2.116849184,-1.191757321,2.025104761,1.178079247
pyroki,0,2.123873234,-1.754717112,2.16853261,-2.10317111,1.773245215,1.293303132,-0.3280397654
pyroki,1,1.447588563,0.6733140349,1.985332847,-1.651801825,-1.042034864,2.08608222,1.676983237
pyroki,1,-2.13290906,1.06049037,-2.141647816,-1.626786113,1.433649659,1.780910254,0.4914669693
pyroki,1,2.442183018,1.673756599,2.757617235,-1.68831718,-2.478291273,1.004272223,1.511513591
pyroki,1,-2.176671267,1.118070602,-2.176954508,-1.625282168,1.500824928,1.721804142,0.4864456058
pyroki,2,1.532892466,1.377389312,-0.8181632161,-1.194337845,0.997415483,2.353147268,1.349248886
pyroki,2,1.325917482,1.217285872,-0.4614614248,-1.236138701,0.5170413852,2.507572412,1.526837945
pyroki,2,0.3881198764,1.473482132,1.005214572,-1.169319272,-1.4284091,2.139751434,2.290530205
pyroki,2,-1.423132539,-1.762764573,1.744943738,-1.168315649,1.66672349,2.001832724,1.270424604
pyroki,3,0.09061311185,1.035779834,-1.36940527,-0.09377342463,-0.267062366,2.525096178,2.400495529
pyroki,3,0.5651938319,0.9822026491,-1.6297189,-0.8159086704,-0.4600237012,2.832759142,2.605746746
pyroki,3,2.8967278,-1.428167939,-0.6246872544,-0.7927741408,2.470098019,2.225211382,2.081940889
pyroki,3,0.04785669595,0.9908974767,-0.25211519,-0.09529048949,-1.396657586,2.492586136,2.442978621
pyroki,4,0.1569982767,-0.565988481,0.3795496821,-0.6451719403,2.897300005,2.708775997,2.819331408
pyroki,4,-1.357085466,-0.002473177621,-2.014873981,-0.4466758072,0.8028593063,3.166354179,2.52513957
pyroki,4,2.11091876,0.002341247164,0.7980459332,-0.4456534982,0.8050293326,3.165694714,2.525249481
pyroki,4,0.5938214064,-0.07346079499,2.04599452,-0.3690828979,1.087012053,3.104221106,2.514928102
pyroki,5,1.761653781,-1.660901785,0.5834001899,-2.679349661,-2.697565079,3.300564051,0.8102967143
pyroki,5,1.764920473,-1.652150512,0.6373678446,-2.660093307,-2.865303278,3.302613735,1.02508986
pyroki,5,-1.335038543,1.630423784,-2.207901716,-2.709444761,2.514370441,3.296934605,2.18415904
pyroki,5,1.790070772,-1.631486297,0.8447518945,-2.666222572,2.803342342,3.301980972,1.816554904
pyroki,6,-1.513873935,1.627181888,1.920651197,-2.72074461,-1.664625525,2.127009392,0.3511708081
pyroki,6,-1.490807533,1.691336751,1.922291279,-2.722335577,-1.689623237,2.065185308,0.3448630869
pyroki,6,2.063616037,1.665635705,-2.080202818,-2.756475687,1.971175671,1.437865973,-1.501069784
pyroki,6,-0.693497479,-1.041584611,0.9504384995,-2.721940517,1.683887005,2.079412937,-1.643130422
pyroki,7,-1.989934444,1.745453596,-1.737874627,-1.988194227,-1.195022225,1.307011843,-0.9137638807
pyroki,7,1.884468436,1.075223327,1.424825549,-1.967857838,1.462702751,0.9593464732,-2.580369711
pyroki,7,1.863015413,1.453580976,1.625625134,-1.985869646,1.2170012,1.279284477,-2.513485432
pyroki,7,1.174756169,-1.495326757,1.530767322,-1.973606586,-1.356399775,1.098094583,-0.8588395715
pyroki,8,0.7148133516,0.380995512,0.1688634902,-1.537445188,-1.812692404,0.9571616054,-1.445538402
pyroki,8,0.345202893,0.4427473545,0.646271348,-1.550277829,-2.003833532,0.8281293511,-1.489795089
pyroki,8,-2.819149494,-0.4500626326,-2.464463234,-1.551561475,-2.01941824,0.8185763955,-1.494406819
pyroki,8,1.759461403,1.309914589,-1.767382026,-1.604554892,-0.5699791312,1.853395343,-1.734406948
pyroki,9,0.7385956645,1.647429347,0.743553102,-1.18550837,2.193194628,0.8547325134,-2.308648348
pyroki,9,-1.19286716,-1.762799978,2.174881935,-1.155647874,-1.550782442,1.181982875,-1.412170887
pyroki,9,1.504001021,1.441404819,-0.2389811426,-1.2086972,-2.461172104,0.7597449422,-1.593482137
pyroki,9,-1.194907427,-1.759916902,2.179283619,-1.155633092,-1.555909634,1.179017901,-1.412127376
pyroki,10,-0.5019234419,0.9443059564,-2.477170706,-0.8064031601,0.7571240664,1.441363692,-1.757438779
pyroki,10,-0.1310224682,0.2940012813,-1.321075201,-0.8090083003,-0.725993216,1.450471282,-1.290907502
pyroki,10,-0.3448502123,0.2014833242,-0.8959156871,-0.7909104824,-0.9463813901,1.381486297,-1.244423032
pyroki,10,2.8744874,-0.7637963891,1.000146031,-0.8415488601,0.2482956797,1.55077219,-1.607785583
pyroki,11,1.08119154,-1.506586075,1.314707041,-0.6276875734,-0.08984612674,1.625277638,-0.9569147229
pyroki,11,1.088170886,-1.46560359,1.420642734,-0.6241351962,-0.2019660473,1.619035363,-0.9287867546
pyroki,11,-2.181117058,1.190503836,-0.7847973704,-0.5355540514,-1.121585846,1.443958998,-0.7806019783
pyroki,11,0.8525565267,-1.139616132,2.777215004,-0.5120010972,-1.502342939,1.352353573,-0.7684682012
pyroki,12,-0.05252231658,-1.762799978,1.071237326,-2.952591658,0.2434277534,1.932109714,-1.33129108
pyroki,12,2.841365576,-1.732835293,-0.8926326632,-2.529616833,-0.3964820802,-0.006169590633,1.494508982
pyroki,12,1.705836058,-1.003614187,-0.3518844545,-2.815045834,-1.040445924,1.029761672,-0.01780710928
pyroki,12,1.746499658,-1.015551329,-0.3788163364,-2.811378002,-1.04832077,1.000166893,-0.0009868808556
pyroki,13,2.317835808,1.047753572,-1.627997041,-2.348215342,0.8378614187,1.614218831,-0.9877479076
pyroki,13,-0.870305717,-1.443925261,1.442442179,-2.311243057,1.052948475,1.324689031,-1.160954952
pyroki,13,2.475564957,-1.466710806,-1.426627517,-2.302329302,-1.103038073,1.24174571,0.6329971552
pyroki,13,1.032853246,-0.005227300804,-0.2378945202,-2.420909166,-0.04242624715,2.006918907,-0.2473845929
pyroki,14,1.423996568,-0.523925364,0.1640928686,-1.912171364,-1.953037977,1.000871062,1.108624816
pyroki,14,0.5886608958,1.459942102,2.53037262,-1.901231647,1.802398682,1.142826557,-0.2884087265
pyroki,14,-1.702482939,-1.761884332,-0.02734137699,-1.922008038,1.083052874,1.906949162,-0.2091115117
pyroki,14,2.357348919,1.538409829,-2.673257828,-2.003861666,-0.04670726508,2.338057518,0.4617549181
pyroki,15,-0.5085808039,1.048926353,1.747776389,-1.622157574,0.2066661716,2.754941463,0.9079715014
pyroki,15,-0.5134392381,1.021151662,1.735051513,-1.619231105,0.2718420625,2.748748779,0.867013216
pyroki,15,-1.643523216,-1.149804831,1.301305532,-1.611525059,2.743607521,1.362577558,0.7893389463
pyroki,15,2.676750183,-1.229169369,-1.315463543,-1.621094823,-0.2323713005,2.75270772,1.187901497
pyroki,16,-1.365535378,1.441625476,2.09525156,-1.168933511,-2.075134754,2.471582651,2.477520704
pyroki,16,-1.375445485,1.422580361,2.068822145,-1.165800691,-2.052264214,2.487824202,2.487328768
pyroki,16,1.852455616,-0.6185124516,-2.240004301,-1.26063931,-0.4323014319,3.143787384,2.077867985
pyroki,16,-0.2007715404,0.5092478395,-0.5976153016,-1.130343795,1.518043041,2.831650496,0.8673084974
pyroki,17,-1.843645811,1.101650357,0.6054991484,-0.9550094008,-0.6174511909,3.457441807,-2.480117321
pyroki,17,-1.786277175,1.140014052,0.4261412323,-0.7622569799,-1.027018905,3.439112902,-1.924964547
pyroki,17,2.201023102,-1.109003782,2.042855024,-0.9901396036,2.623734474,2.664640427,2.03323555
pyroki,17,1.269171238,-1.279013038,-1.616059899,-0.693223238,1.20086813,3.409603119,1.19714272
pyroki,18,1.008668661,-0.6190861464,2.897300005,-1.127835631,-2.558010817,2.708859444,-0.717097342
pyroki,18,-2.896607876,0.7938339114,0.9591326714,-1.214752078,-2.810833931,2.496600866,-1.256029844
pyroki,18,0.3790311813,-0.6983647943,-2.424630165,-1.198140502,-2.743155718,2.539468765,-1.124727964
pyroki,18,-2.75127697,0.6925862432,0.6981096864,-1.196848392,-2.738485336,2.542759657,-1.115444541
pyroki,19,-2.248847008,-0.1474437565,-2.769940376,-2.854676723,-2.717807293,3.750751257,1.826969028
pyroki,19,0.8447264433,0.1509642303,0.4225895405,-2.853199005,-2.728620529,3.748166084,1.841428518
pyroki,19,0.6587834358,0.1705302894,0.6222686768,-2.846907854,-2.777837276,3.737461329,1.907448053
pyroki,19,0.7216464877,0.1626938879,0.5542340875,-2.849153757,-2.759606123,3.741227865,1.882954836
pyroki,20,-2.287796974,0.763635695,1.466876149,-2.323966026,1.144773483,1.569064021,0.7539789081
pyroki,20,-2.309097052,0.9324977994,1.520757318,-2.337429762,1.045213342,1.703242302,0.8114081621
pyroki,20,1.783393383,-0.1617916971,-2.745056152,-2.292315722,1.496487737,0.9917042851,0.6288484931
pyroki,20,-2.321951866,1.306182146,1.597961783,-2.373641014,0.7824279666,1.969576478,0.9861139655
pyroki,21,2.270540714,-1.309803963,0.3909175992,-2.056833506,0.3261019886,1.852552295,1.395222664
pyroki,21,-0.717395246,1.250269055,-2.744921923,-2.064884663,0.1742855906,1.888167381,1.513821125
pyroki,21,-1.087565303,1.389800906,-2.780566216,-2.039180517,0.5285845995,1.768215537,1.240002751
pyroki,21,-2.565177679,-0.8834916949,0.1483180821,-1.996995687,-0.8632310033,1.522479653,2.301924467
pyroki,22,0.5602027178,-1.210874319,1.206372499,-1.617395043,-0.01992261223,1.463539124,2.61809516
pyroki,22,0.3514956236,-1.588716507,0.9427099824,-1.601913571,0.3598424792,1.398506284,2.312154055
pyroki,22,-2.637500763,1.336435199,-2.011073589,-1.616179585,0.101549983,1.458559036,2.519337416
pyroki,22,-2.738871574,1.515521646,-2.13733983,-1.607786894,0.2824265063,1.423598528,2.373559713
pyroki,23,-0.6054012179,1.53224957,0.6661754251,-1.059310913,-2.417440891,0.3395885527,-2.485659122
pyroki,23,-0.6157155037,1.539314985,0.6830527782,-1.062863111,-2.449614048,0.3321682513,-2.499677896
pyroki,23,-0.4606954157,1.456885815,0.4185945094,-1.019273758,-2.03709507,0.4534080029,-2.355773449
pyroki,23,0.2977401614,1.691794872,-0.9903496504,-1.064313889,-0.6787452102,1.102569818,-2.505565643
pyroki,24,-0.1238490641,-1.005316377,0.4710692763,-0.3177880943,1.917654634,1.076096177,-2.350705147
pyroki,24,-0.3375181854,-0.6767622232,-2.787997246,-0.3067016602,-0.8666277528,1.217055321,-2.115860224
pyroki,24,-0.1981390715,-0.6828891635,2.889142752,-0.2941443026,-0.3834303021,1.252239704,-2.170449257
pyroki,24,-0.6617198586,-0.7186974883,-1.814805269,-0.5272326469,-1.546199799,1.122944951,-1.98550725
pyroki,25,1.831949949,-0.5103482008,1.712602496,-0.213741973,-0.4684225917,1.730397224,-1.778069973
pyroki,25,-1.7041471,0.1665537506,0.2507719696,-0.6398733258,-1.795247674,1.5803442,-1.564373493
pyroki,25,-0.7612937093,0.3103022873,-1.365986466,-0.6539568901,-1.084956288,1.787974834,-1.583468914
pyroki,25,2.419064522,-0.4285194278,1.436458945,-0.6800141335,-0.7617734671,1.871953964,-1.628525853
pyroki,26,-1.734889984,1.436637282,1.199181676,-2.735740423,-1.316009045,1.439621687,0.1257668436
pyroki,26,-0.3562473655,0.2423153967,0.3427440822,-2.864300966,-0.1548755169,2.411197186,-0.6928663254
pyroki,26,1.369354248,-1.536075115,-1.941794038,-2.730962515,-1.357069969,1.345044494,0.1451499164
pyroki,26,1.582018137,0.8782396913,-1.136859655,-2.777272224,1.028993845,1.946378708,-1.557175159
pyroki,27,0.9508686662,-1.305856586,0.1271787733,-2.343048573,-2.118437529,1.351848841,0.4854934216
pyroki,27,2.222199678,-1.301851749,-0.1465228796,-2.425071001,2.897300005,0.8848754764,-0.4320254624
pyroki,27,0.2107314914,-1.387169123,0.1052938923,-2.299557209,-1.715393543,1.95454061,0.663465023
pyroki,27,-1.195403337,-1.47295332,0.1101794764,-2.428098202,0.168827489,2.972483873,-0.3754387796
pyroki,28,0.4098504782,-1.0592767,1.138848782,-1.95446074,2.321971893,2.080010891,-0.4584730566
pyroki,28,0.2489886135,-1.366690516,1.045560837,-1.991223454,2.501146555,1.877281308,-0.2606548965
pyroki,28,-2.026075125,-1.761986256,-0.9056540728,-1.927629232,-2.213839769,2.237618446,1.402446628
pyroki,28,-2.860800028,1.309287906,-2.076283932,-1.984543681,2.46500659,1.912802458,-0.2999106348
pyroki,29,1.255555749,1.339583635,-2.621115923,-1.62008965,-2.64039135,2.395314693,2.457564354
pyroki,29,0.3306572735,-0.4439365268,0.01423145272,-1.675309062,2.871632338,2.197690487,1.02058351
pyroki,29,2.466082335,-1.166364074,-0.5596047044,-1.448088646,2.534452915,2.873757601,-0.4390681088
pyroki,29,-1.864960909,-1.328373909,0.5310716033,-1.622955203,-2.648365736,2.385345221,2.437649012
pyroki,30,-2.775751591,-0.8308643699,2.323849201,-1.349778175,2.490188837,2.604893446,2.384801149
pyroki,30,0.1872605085,0.7376942039,-0.5396184921,-1.318562865,2.433676958,2.693068743,2.235938549
pyroki,30,0.6020985246,1.164580345,-1.306066513,-1.410785556,2.660207987,2.417411089,2.730962276
pyroki,30,-0.9134088159,1.263884544,1.419621229,-1.409106016,0.4874964952,3.578546047,2.719807148
pyroki,31,-0.4906661212,-1.114851475,0.3924986422,-1.321214557,2.771443605,2.320368052,-2.874441624
pyroki,31,2.407272577,-0.1394090056,-0.1324721128,-0.8669260144,1.956924677,3.330901146,1.833137035
pyroki,31,-1.928733468,-1.102463841,-0.4109188616,-1.291724682,-2.62031579,2.413700819,-1.694746137
pyroki,31,-1.729579568,0.001567092957,-2.897300005,-0.595338583,-2.192779541,3.46490407,0.1758108586
pyroki,32,0.04613624886,1.488201857,-1.172805548,-0.7831906676,-0.1941957474,0.3447615802,0.5185626745
pyroki,32,0.09162340313,1.63317132,-1.437703729,-0.8013259172,-0.1098185852,0.3690292537,0.2950781286
pyroki,32,-0.08377385885,1.325798631,-0.7739195824,-0.7383539677,-0.3109234273,0.2889504433,0.8331686258
pyroki,32,-0.3401160836,1.577877522,-0.09140948951,-0.1485183686,-1.286826015,0.01615313627,0.4963077307
pyroki,33,-1.847325802,-1.159641623,1.495709896,-2.784657717,-1.143315196,0.6064352989,0.6343284845
pyroki,33,-1.84078002,-1.031241417,1.478207827,-2.76829958,-1.14211309,0.4972193837,0.7054397464
pyroki,33,-2.663772345,1.19272697,1.78247714,-2.838988304,1.069646358,1.04628551,-1.769704223
pyroki,33,1.291270614,1.718810797,-1.566801429,-2.84250021,-1.060939074,1.076336741,0.378537029
pyroki,34,2.056842804,-1.762799978,1.050228715,-2.415500402,-0.1200748831,1.342536688,-0.3533186316
pyroki,34,1.869462132,0.6925439239,2.199471951,-2.158552647,-0.3668551743,0.3594149947,1.8532933
pyroki,34,-1.001046538,1.612078071,-2.074456453,-2.409934521,-0.1973876059,1.317248583,-0.2187431455
pyroki,34,2.468700171,-1.030825019,1.02968955,-2.367439985,-0.4467406571,1.120528102,0.2846420705
pyroki,35,0.2309329808,-0.01618216373,2.17483902,-1.769067407,-0.2465269566,0.7371505499,2.430691004
pyroki,35,-2.608591557,1.119798899,-1.873499274,-1.807101011,0.01548434235,0.8637570739,1.386571646
pyroki,35,0.233391583,-1.73754406,0.9693448544,-1.788112164,0.1859973222,0.7994545102,0.7525297999
pyroki,35,-2.425163507,0.4667212665,-1.677833796,-1.794342399,-0.1555983275,0.820335269,2.000355244
pyroki,36,-2.897300005,1.332748532,2.373687983,-1.361542106,0.6151814461,1.085070014,1.822375298
pyroki,36,0.312581718,-1.395748734,-0.6930951476,-1.372089267,0.533665061,1.129092932,1.881471157
pyroki,36,0.01674856618,-0.2407991141,-2.081628561,-1.278916597,1.939670682,0.1956658214,1.497305989
pyroki,36,-0.0132930493,-0.9915196896,-1.101784348,-1.306485772,0.9902385473,0.8251182437,1.589098692
pyroki,37,-1.662539721,0.5277916193,2.426011086,-0.996991396,-0.3764095604,1.645568609,2.748213053
pyroki,37,0.06630104035,0.8605710268,-2.871357679,-1.003251553,-2.893355846,0.7817383409,2.698423147
pyroki,37,0.5651515722,0.7140535116,-2.665306568,-0.9806593657,2.528236628,0.8445180655,2.362527847
pyroki,37,1.211003304,0.4572265446,-2.455987215,-0.926799655,1.642290592,1.163909554,2.202235937
pyroki,38,-1.315475106,-1.130402565,-2.096150398,-0.5566251874,2.160825491,1.603301644,2.621651888
pyroki,38,-1.240931392,-1.54933846,-0.6589699388,-0.5894677639,0.682285428,1.953891039,2.659357786
pyroki,38,-1.339607358,-1.225536823,-1.7719841,-0.5286408067,1.842373848,1.681095481,2.601987123
pyroki,38,2.216924429,1.627184272,-2.897300005,-0.6207879186,-0.3386734724,2.009214878,2.893836975
pyroki,39,2.872330666,-1.118550777,-0.8306632042,-0.09019277245,0.1550957561,2.103435755,-2.826468945
pyroki,39,-0.2870986462,1.075427175,1.427074671,-0.09101441503,1.062353969,2.083491325,-2.855933189
pyroki,39,2.858688831,-1.099611402,-1.244206905,-0.09049859643,0.5831921697,2.097418547,-2.842599869
pyroki,39,0.2363341749,1.256663561,-1.99508357,-0.7809788585,-2.138725996,1.888474703,-2.523689508
pyroki,40,-1.359778404,0.002168857493,-0.2493418157,-2.647399426,2.601640224,2.401768923,-2.64228344
pyroki,40,1.148267984,-0.002318449551,-2.75761795,-2.647223949,2.601761818,2.402458191,-2.643621683
pyroki,40,-0.207165271,-1.427657366,-1.817057252,-2.545773268,-2.884930134,2.721902609,1.558720946
pyroki,40,0.04527885467,0.636081636,-1.538891673,-2.718147993,2.641128063,2.09226656,-2.097198248
pyroki,41,-1.415167093,1.725257158,-0.4199955463,-2.167357683,-2.687721968,2.643180609,-2.118764162
pyroki,41,-1.357998848,-1.667716503,-2.779643536,-2.34194541,2.841672182,1.96463871,1.518445492
pyroki,41,-2.897300005,1.296849251,-0.007528697606,-2.334203959,-2.801535845,1.999318361,2.805058956
pyroki,41,-1.370111942,1.746756673,-0.420557946,-2.160299063,-2.704803467,2.662937403,-2.05812788
pyroki,42,-1.196570873,-1.742400646,-0.5740568042,-1.999972582,2.894423723,1.774256229,2.483219385
pyroki,42,-2.130139589,0.9200925827,-2.142523527,-1.992912173,0.3225979805,3.527587891,2.392743111
pyroki,42,-2.387083054,-0.7096315026,-0.7509051561,-1.942462683,-2.508755445,2.045324087,-2.733986378
pyroki,42,0.105528824,0.4560616016,2.737752199,-1.891888738,-2.325225592,2.2982862,-2.463726521
pyroki,43,2.087343693,-1.548953295,-0.2523747385,-1.52970922,-2.585130692,2.146860123,-2.322068214
pyroki,43,1.235719442,-0.2488209754,-1.810679793,-0.8992711902,-2.292309999,3.493304491,-0.374594897
pyroki,43,2.427267551,-0.07034775615,2.865824938,-1.05535841,-1.483309746,3.669213295,-0.7916101217
pyroki,43,-2.587239981,-0.9672794938,0.8229689598,-1.511380196,2.487220049,2.223159075,2.665301085
pyroki,44,-0.8133043051,0.2723743916,1.258089304,-1.121041536,-2.606704235,2.573628426,-1.959063053
pyroki,44,-2.027118444,-0.4814533889,1.599055648,-0.9453682899,-2.191028833,2.968857527,-1.306053877
pyroki,44,1.058302999,0.2892358899,-1.195526958,-1.01161921,-2.317140102,2.833235502,-1.510204434
pyroki,44,-2.338718414,-1.011561394,1.274098635,-0.759688735,1.897127271,3.264528513,1.665321231
pyroki,45,0.007903215475,-0.7944716215,2.492508888,-0.8546386957,-0.08059247583,0.3705501556,-2.510707855
pyroki,45,2.39462328,0.8877527714,0.8748281002,-0.7580110431,-0.3136111498,0.2461537421,-1.597973585
pyroki,45,-0.3265333176,-1.156919003,-2.395880461,-0.08104248345,-1.24898231,-0.005420103669,-2.470773935
pyroki,45,-0.6987634301,-1.298662663,-1.30275023,-0.4037559628,-0.6076170206,-0.01267585531,-0.8495199084
pyroki,46,2.143828154,-0.1227707714,-0.1631787568,-3.031744957,0.005859886762,0.3038144112,-0.4770734608
pyroki,46,1.017936826,-0.3881189823,1.443313122,-3.0704813,-0.335152477,0.3798971474,-1.395352721
pyroki,46,-0.1510793269,0.3660294414,1.722305655,-3.062500238,0.3015358448,0.3630003333,0.3097337186
pyroki,46,-1.892103434,0.1862826794,-2.208447695,-3.038977385,-0.1499218345,0.3169243634,-0.8764939308
pyroki,47,0.1467654407,-0.7659410834,-2.246933937,-2.509345055,-0.01233348902,0.3426987529,-1.423009634
pyroki,47,-0.3665315509,-1.352334499,-2.162737846,-2.586390018,0.5002216697,0.5399733186,-0.2592312098
pyroki,47,0.1071194336,-0.8012830019,-2.232113838,-2.50954175,0.03024325334,0.3431025147,-1.338157892
pyroki,47,-2.500792742,0.4807575047,0.5950644612,-2.54218936,-0.3465414643,0.4167326689,-2.122979164
pyroki,48,1.718479991,0.4285051525,0.05660717934,-2.616535902,0.7741898298,1.498976946,0.6187907457
pyroki,48,-0.2840035558,-0.7967005968,2.202398062,-2.546151638,1.031226635,0.9865255952,0.271007359
pyroki,48,-0.1561538279,-0.9542362094,2.106468439,-2.527193308,1.073761106,0.840225637,0.1864064932
pyroki,48,-1.078574538,-0.4469565153,2.888026476,-2.601891279,0.8412287235,1.40112412,0.5396728516
pyroki,49,2.588553429,-1.44622159,-1.04755795,-2.195509434,0.5703103542,2.199163675,0.9832128882
pyroki,49,-1.231762171,-1.674677849,1.128127933,-2.125603676,-1.957781911,0.7559760809,2.130972862
pyroki,49,0.08072319627,-0.2267437875,0.5239156485,-2.113256693,1.816874743,0.8949534893,0.5868279934
pyroki,49,2.052236557,1.349237084,-1.90681684,-2.174362183,-2.375563383,0.4932919443,1.90960443
pyroki,50,2.51453042,-1.205777407,2.888866425,-1.720368266,-2.566391468,1.191980243,1.835093141
pyroki,50,-1.327983499,1.248200774,0.3825047016,-1.743180633,2.896101236,1.093619585,1.328178525
pyroki,50,-1.934535742,1.762799978,0.9720503092,-1.667367578,2.031975269,1.530982018,0.883405149
pyroki,50,-0.1635570824,1.459858179,-0.725972414,-1.667712569,-2.035862207,1.527775049,2.081483126
pyroki,51,-1.361056209,-1.217917204,-0.2982273102,-1.175908566,1.229293466,2.55399847,0.9740442038
pyroki,51,-1.109682202,-1.273417473,-0.07747464627,-1.221103549,0.7530433536,2.731889009,1.130103946
pyroki,51,-2.154276609,-0.7017963529,-0.9840637445,-1.220373631,2.381677866,1.89031148,1.127081156
pyroki,51,-0.1468118727,-1.036305547,0.6092964411,-1.165841818,-1.430497289,2.452128172,2.138285398
pyroki,52,0.5361626148,0.6602113843,0.08735602349,-0.8172387481,-2.623241901,2.066734314,1.595900297
pyroki,52,0.05465715379,0.9443143606,1.286068916,-0.8379921317,2.897300005,2.01143527,1.263687015
pyroki,52,-2.573199272,-1.170539856,0.3122183979,-0.08967151493,0.4180474281,2.414603472,1.353677392
pyroki,52,-2.100841522,-1.20219624,1.231215477,-0.7665319443,-1.011099935,2.607474089,1.73761797
pyroki,53,-1.016163588,0.8636761904,1.499318242,-0.5108832121,-2.299437523,2.293112755,1.962459564
pyroki,53,-0.694267869,0.683754921,0.1107530743,-0.424954623,-1.135824919,2.53122139,1.965557694
pyroki,53,2.212187529,-0.8199081421,-1.921806574,-0.4130439162,-2.068743467,2.357291937,1.952094316
pyroki,53,2.897300005,-0.8999330997,1.625573158,-0.5634219646,0.5410656333,2.662645578,1.569029689
pyroki,54,0.1669783741,1.38263309,0.4893197715,-2.963566542,1.651782036,2.31457305,0.2685718536
pyroki,54,2.560515881,-1.692114472,-2.855871916,-3.030344725,1.025493383,3.078154802,0.5535258055
pyroki,54,0.07566945255,1.431057215,0.4832461178,-2.961758137,1.618066669,2.411340714,0.2613403797
pyroki,54,-1.044922113,1.57492435,-0.4765646756,-2.96587944,-1.459878206,2.7674582,2.26019907
pyroki,55,0.09841036797,-1.447913051,1.540281773,-2.429129124,1.837088466,1.861356378,0.9343829751
pyroki,55,-0.6882781386,-0.5255586505,2.101084948,-2.093169451,-2.016934395,3.752500057,-2.289210081
pyroki,55,0.08433096856,-1.762799978,1.484124899,-2.44851017,1.987171292,1.59625721,1.013489008
pyroki,55,0.09881448746,-1.423620224,1.544828653,-2.427911282,1.82610774,1.882258654,0.9295521379
pyroki,56,-1.138131618,0.9594590068,0.4882471561,-1.934431553,-1.975723982,2.244488955,-2.283747435
pyroki,56,-1.16271162,0.9700594544,0.5140758157,-1.936454177,-1.987971067,2.226259232,-2.291606426
pyroki,56,-1.389754295,1.10872221,0.750666678,-1.958934069,-2.118473768,2.040811777,-2.382320642
pyroki,56,0.2696521878,1.331213593,-0.7289238572,-1.986033678,0.8674901724,3.184405565,2.292480707
pyroki,57,0.7196817398,-0.5959739685,0.2530885935,-1.557539105,-2.623340368,2.277596712,-1.692724705
pyroki,57,0.1866291463,-0.701874733,0.4207816422,-1.512134194,-2.46159935,2.446525335,-1.433033109
pyroki,57,2.897300005,-0.9311270714,-0.506262064,-1.598500371,2.862812996,2.123645306,-2.799673319
pyroki,57,1.077604651,-0.5652638078,0.09716595709,-1.578646421,-2.727187872,2.198161364,-1.845884562
pyroki,58,2.19084096,1.293521762,2.331730843,-1.514254689,0.4665246308,0.8003149629,-0.5768607259
pyroki,58,-0.9172541499,-1.328201294,-0.7821245193,-1.51963079,0.4442876279,0.8189700842,-0.5375994444
pyroki,58,2.420679092,1.498947263,2.522653341,-1.544252396,0.3171514571,0.9051148295,-0.3240078688
pyroki,58,2.113678694,1.207102418,2.267871618,-1.500360847,0.5180256367,0.7524705529,-0.6709650159
pyroki,59,-1.488018632,0.6891751289,-0.7887407541,-0.8694731593,-0.5530133247,0.5888591409,-0.4948466122
pyroki,59,-1.462058067,1.485498905,-2.300269604,-0.9032581449,0.3554394245,0.6630001664,-1.335188985
pyroki,59,-1.395921469,1.405525327,-2.142490625,-0.9163867831,0.2483819723,0.6918949485,-1.236984015
pyroki,59,-1.41120863,0.743039608,-0.9726271033,-0.8848139048,-0.4708261192,0.6225088835,-0.5616641045
pyroki,60,-2.377297878,0.6392412186,1.186219096,-0.5024716854,1.848360658,0.5472677946,-1.573982239
pyroki,60,-1.530744076,0.7965495586,-1.723733306,-0.4892298281,-1.629830122,0.5967359543,-0.954079926
pyroki,60,0.8980654478,-0.7890765667,-1.449504852,-0.32312572,1.327481747,0.6624914408,-1.46430552
pyroki,60,-2.24799943,0.741376996,1.430318713,-0.327683121,1.586614251,0.6235678792,-1.473334074
pyroki,61,-1.882587552,0.4344006777,0.5342510343,-2.856725931,1.845751047,1.361990809,-1.325154543
pyroki,61,-0.5338742733,0.4477552176,-0.6181303263,-2.901598692,2.17174387,0.898588717,-1.126402378
pyroki,61,-2.525388956,-1.30705297,2.381754398,-2.910709381,-2.237629175,0.8416898847,0.1692066342
pyroki,61,1.116860867,1.762327194,-0.6483771801,-2.853636742,-1.818997502,1.416733503,0.4257214963
pyroki,62,-1.244451046,-1.317229748,-2.325850964,-2.358814716,2.291746378,1.493748426,-1.118096113
pyroki,62,0.5635909438,-0.8682533503,2.735771179,-2.398819685,-2.580588102,1.253785491,0.04728171602
pyroki,62,-1.613458991,1.752571821,-0.9981042147,-2.288831234,-1.866311193,2.156716824,0.590709269
pyroki,62,1.605222583,1.684812665,0.9380474687,-2.316596031,2.039289713,1.840788484,-1.312157512
pyroki,63,-0.6476182938,1.527406454,-1.48964119,-1.967818618,-2.466121912,1.559857011,-0.3655435145
pyroki,63,-2.286523104,0.4713544548,0.4711960554,-1.963229418,2.431443453,1.585973501,-1.458853245
pyroki,63,0.2069568634,-1.154202342,-1.751212955,-1.888338327,1.894209981,2.172954798,-1.788522959
pyroki,63,2.421899319,-1.101570845,1.845975637,-2.004318714,-2.823673964,1.375225663,-0.6433700323
pyroki,64,0.8176658154,-1.469360352,1.098718286,-1.633606434,0.170671016,2.795240402,-0.8277240396
pyroki,64,0.6109598279,-1.761445045,0.8601534367,-1.571112633,0.910939157,2.625624657,-1.252104878
pyroki,64,2.181168079,1.40840435,1.982112646,-1.62966454,2.876573086,1.35750258,-0.8883884549
pyroki,64,0.3401472569,-0.2105468512,2.719001532,-1.540289879,-1.905302882,1.920353532,-0.0655279085
pyroki,65,1.208564997,-1.093357801,2.019750118,-1.131217003,-1.880468607,1.861183882,0.2110940814
pyroki,65,-1.958250284,1.762515187,-2.104982138,-1.169800997,-0.7576395273,2.407780647,0.08258780837
pyroki,65,-2.724440575,0.796064198,0.3155581951,-1.206374884,-2.897300005,1.451240301,-0.1373590231
pyroki,65,1.219851732,-1.116464138,1.979590178,-1.129446983,-1.844180226,1.881670594,0.2160742283
pyroki,66,1.22893095,-0.7242749929,-0.1255485564,-0.1790542603,-1.19592011,2.202351809,0.3820483387
pyroki,66,-2.41704607,0.2724842131,0.826131165,-0.6644740701,1.685453415,2.163334846,-0.0151830446
pyroki,66,1.231550813,-0.7245897651,-0.1098765358,-0.1791298836,-1.213931203,2.201024771,0.3826339841
pyroki,66,0.5243826509,-0.6077992916,-1.238471866,-0.718048811,0.7062321901,2.435633659,0.08144302666
pyroki,67,-1.331205368,0.4346690774,-2.381840229,-0.5281531811,1.89244628,2.513217688,0.5187737942
pyroki,67,2.424109697,-0.1921385825,1.160911322,-0.5824857354,0.8479202986,2.758763313,0.5649667382
pyroki,67,-0.9131008387,-0.1321862042,-1.003291965,-0.6456128359,-0.4203523099,2.834194899,1.0359236
pyroki,67,0.3279747367,-0.3275369704,-1.169472218,-0.2970770001,-1.505803347,2.577098846,1.06026268
pyroki,68,1.161212564,-0.7016208172,0.5700276494,-2.741177082,2.020622015,1.139109612,0.5617704988
pyroki,68,0.5786725283,1.580301523,1.88472867,-2.275681019,-2.897300005,3.591956615,-2.050165653
pyroki,68,1.890406489,-0.57088691,-0.04120849818,-2.713400364,1.797945619,1.524180293,0.4451173544
pyroki,68,-2.03068161,0.7249148488,-2.530785799,-2.744669199,2.045467615,1.105712533,0.5771743655
pyroki,69,0.8184659481,-1.432428479,1.807701945,-2.285907984,2.123197317,1.82740593,1.287254095
pyroki,69,-2.32449913,1.427269101,-1.332343936,-2.285428047,2.120598316,1.831451654,1.285136104
pyroki,69,-1.019820452,-0.5716636777,-2.526826382,-2.272374153,1.091335058,3.189444304,1.22869277
pyroki,69,0.7303155661,-1.162145257,1.908697009,-2.26175046,1.992977858,2.04953742,1.184341908
pyroki,70,1.653571486,1.762799978,-2.009970427,-1.944295049,2.044313192,2.523211002,2.050752878
pyroki,70,2.064233065,-0.4273035526,-1.374799371,-1.978663206,-2.151100636,2.305689335,-1.957258224
pyroki,70,-0.851408422,1.082760692,1.883682132,-2.052819014,-2.466091394,1.863588572,-2.319773197
pyroki,70,2.375263453,-1.320753813,-1.200091004,-2.07691431,-2.610351324,1.736121655,-2.474585295
pyroki,71,-1.239112258,-1.632639408,-2.017464876,-1.594958186,0.8495856524,0.9221662879,2.677669287
pyroki,71,2.164050817,1.293792248,0.745419383,-1.53967154,1.124741197,0.6124938726,2.460143089
pyroki,71,1.979162931,1.502166986,1.006051064,-1.575493217,0.9466755986,0.8188958168,2.595984221
pyroki,71,-1.258150697,-1.671219349,-1.986435533,-1.6003896,0.8217835426,0.950063765,2.701771021
pyroki,72,-1.350093126,-1.265881062,-1.149857044,-1.092055678,-0.6734741926,1.079840779,-2.767340183
pyroki,72,2.888427973,0.4778465927,-0.6231306791,-1.074490786,0.8252759576,1.007710099,2.67790246
pyroki,72,-1.266194582,-1.397277951,-0.9528912902,-1.069470882,-0.8686894774,0.9856082201,-2.6825459
pyroki,72,0.005478287581,-0.6745693684,1.941771388,-1.040471554,1.148117423,0.8346118927,2.572167873
pyroki,73,-2.06668973,-0.7293977141,0.1950792074,-0.5912881494,-0.7794850469,1.088880539,-2.487394094
pyroki,73,-1.929899812,-0.6874537468,0.3829550147,-0.5576065779,-1.059492111,1.016980052,-2.451143026
pyroki,73,0.6567906141,0.744328618,2.896511793,-0.6520092487,-0.0781634599,1.202592611,-2.668689251
pyroki,73,1.195183516,0.5262125731,-2.40972209,-0.3127699196,-1.445862293,0.9190480709,-2.53913641
pyroki,74,-2.025609493,-1.548174739,-1.126036286,-0.6451255083,-1.923301697,0.8799647093,-2.245340347
pyroki,74,1.476888657,1.290764093,-0.04221476242,-0.202095896,-0.07115548849,1.096338987,-2.523450136
pyroki,74,-1.321213961,-1.565834761,1.092452884,-0.6363299489,1.731520653,0.9343099594,-2.826189041
pyroki,74,1.346359134,1.42166996,1.765526891,-0.2104604095,-1.80853045,0.9802823663,-2.434469223
pyroki,75,2.224574804,0.4469852448,-0.1129956618,-2.739876032,-1.641924739,1.960524678,-1.976892233
pyroki,75,-2.005464554,-0.6787644029,-2.323141575,-2.761440277,-1.882143736,1.425203443,-2.064199686
pyroki,75,-2.364128113,-1.023036838,-2.120791435,-2.795494318,-2.123835564,1.058733106,-2.213281155
pyroki,75,1.16551733,0.6603342891,0.7967868447,-2.759956837,-1.870400786,1.447979212,-2.058053255
pyroki,76,0.06707721204,0.1843899488,-0.3781866431,-2.28450489,-1.533442259,1.341707706,-1.78091979
pyroki,76,0.1590971649,0.1921775788,-0.4741987586,-2.2846632,-1.522967458,1.358312607,-1.781517863
pyroki,76,-0.09121233225,0.1757679582,-0.2136401832,-2.284334183,-1.549901724,1.315685272,-1.780276299
pyroki,76,-1.644462585,1.125886202,1.512389541,-2.38284421,-2.596972942,0.418756634,-2.25973177
pyroki,77,-0.2043173313,-1.444191337,0.5011814237,-1.81524539,-1.407634854,1.339514971,-1.280626178
pyroki,77,-1.398000121,-1.63029027,-0.2119851857,-1.917606592,-0.2356720865,2.11950779,-1.853605032
pyroki,77,1.1416291,1.411909223,2.684372663,-1.896507859,0.5432208776,2.02948761,-2.368366957
pyroki,77,-1.847373605,-1.484565735,-0.4009142518,-1.91142416,0.3509058058,2.094623566,-2.245830536
pyroki,78,-0.4279997945,0.03104792163,-2.005470037,-1.379527926,-0.9985290766,1.863164306,-0.8533185124
pyroki,78,-2.557555676,1.57306695,2.884322643,-1.394774795,2.319281578,1.034473419,-1.70176959
pyroki,78,1.471944571,0.01579786465,2.418037176,-1.375505805,-1.048560381,1.834400415,-0.8389192224
pyroki,78,-0.3296013474,-0.8612051606,-1.044153214,-1.38088572,-2.159457207,1.11265254,-0.8582856059
pyroki,79,2.309789658,0.5793725848,2.605363846,-0.9682058096,0.7002364993,2.309432983,-0.9714452624
pyroki,79,-1.517117381,0.5781877041,-2.52896595,-0.9982352257,-2.897300005,1.512457848,-0.607498765
pyroki,79,-0.6959742904,-0.628682673,-0.506829977,-0.9837664962,0.4996952713,2.355800867,-0.9053776264
pyroki,79,1.267190337,-0.7067623734,0.5144733787,-0.9708942175,-2.47423315,1.609785438,-0.4543795288
pyroki,80,-0.5848892927,0.5031809211,-0.538220346,-0.3196772039,-0.7836604714,2.58138895,-0.07319161296
pyroki,80,2.295503139,-0.9978350401,-0.2984855473,-0.5885367393,2.565864325,2.258724928,-0.4056795239
pyroki,80,-0.6496093273,0.4776956737,-0.2850879431,-0.3340113759,-1.011377811,2.562440157,-0.03778630868
pyroki,80,2.687391996,-0.7538987994,1.111134648,-0.3240691423,0.8590719104,2.575762749,-0.3606402874
pyroki,81,1.628939152,1.486689806,-1.096529365,-0.1428785622,-2.011973619,2.929531813,0.2938037813
pyroki,81,1.964066029,1.444572449,-1.319053769,-0.6441890597,-2.338318825,2.825851917,0.8388715982
pyroki,81,1.611887097,1.57240665,-2.275973797,-0.1393734962,-0.7867395878,2.999409199,0.2490331978
pyroki,81,1.641703963,1.520216346,-1.543557525,-0.1451112628,-1.588305473,2.957431793,0.3172827959
pyroki,82,2.395379543,-1.318040133,-1.16991663,-2.820271969,-1.858088374,2.168132305,2.801423788
pyroki,82,2.485780478,-1.557280779,-1.211263537,-2.837346077,-1.931302786,1.942586899,2.729929924
pyroki,82,2.391275883,-1.308154345,-1.167785764,-2.819594145,-1.85527885,2.177627563,2.804225683
pyroki,82,2.475209236,-1.527326703,-1.207000017,-2.835124731,-1.921516299,1.970385909,2.739338636
pyroki,83,0.448148489,1.550280571,-1.590341687,-2.639721394,2.359377623,1.134694338,2.237866402
pyroki,83,0.763199687,-1.033660173,-1.736413121,-2.156913757,2.686801434,3.503751278,0.170155257
pyroki,83,-2.362570047,0.9882674217,1.338609338,-2.136913538,2.897300005,3.493051767,-0.04599355534
pyroki,83,0.8220207691,-0.8819557428,-1.978914261,-2.139877558,-2.856773138,3.494531393,-0.5935719013
pyroki,84,1.869312406,-1.762799978,2.08494091,-1.71680963,-1.025041342,1.160821319,1.95988822
pyroki,84,-0.209777236,-1.695323825,-2.198234797,-1.677087188,1.416809559,0.7409959435,0.3538044095
pyroki,84,-1.886638045,1.218050122,-0.3627125621,-1.67556262,-1.692488313,0.4810733497,2.110579729
pyroki,84,1.564683557,-1.396804571,2.431252718,-1.67915833,-1.381173491,0.7787136436,2.098328114
pyroki,85,-0.4827211797,-1.171513796,-0.8373628855,-1.304181933,1.360704541,0.9381930232,0.2654325068
pyroki,85,-2.895027399,0.004481437616,0.2003825158,-1.364082694,-2.436700106,0.3824057281,1.317261219
pyroki,85,-0.09325901419,-0.005021073855,-2.599849463,-1.364475846,-2.440382242,0.3814215064,1.315416455
pyroki,85,0.7397464514,-1.484075189,0.3529396951,-1.407116055,-0.1059134826,1.558923602,0.9687185884
pyroki,86,1.130783081,1.658671498,0.8120051622,-0.9514808655,2.106352091,0.6066454053,0.7784939408
pyroki,86,1.565380096,1.437556505,0.0787730813,-1.018262625,-2.897032976,0.4347775578,1.311658859
pyroki,86,1.566174507,1.437520623,0.07764023542,-1.018164396,-2.894898653,0.4349598885,1.312678337
pyroki,86,1.1723001,1.614269853,0.7146880627,-0.9637694359,2.242737293,0.5630424023,0.8135146499
pyroki,87,0.3357562125,0.5055798292,-1.23763001,-0.2977609336,-2.792030573,0.7960956097,1.777753711
pyroki,87,-0.3650168777,0.3066016734,0.7267130613,-0.5267080069,1.958557248,0.8153940439,1.486806512
pyroki,87,2.747682333,-0.318441093,-2.338218689,-0.5218091011,1.906924725,0.8274713159,1.48422718
pyroki,87,-0.3040291965,0.4625214636,1.149557352,-0.3349388838,1.525086522,0.9229081869,1.562752008
pyroki,88,-1.955785394,0.1484306306,2.496361732,-0.8360515833,0.449747473,1.556477308,2.138308048
pyroki,88,0.380507648,0.3750145733,-1.958405852,-0.08200816065,2.613083601,1.184382319,2.272925854
pyroki,88,-1.235289574,0.3309988678,2.235303879,-0.8521508574,-0.02633452043,1.602572799,2.299846649
pyroki,88,1.894761562,-0.3262659907,-0.9061843753,-0.8521938324,-0.01454494894,1.602687597,2.29566741
pyroki,89,1.065292835,-1.568927646,0.9541469812,-2.660420656,0.2769962549,1.555139542,1.889803648
pyroki,89,0.9005445242,1.550245762,2.309803724,-2.408452988,-0.6673095226,0.375854671,-2.057847738
pyroki,89,-1.078640223,0.8095617294,-2.830773592,-2.641288042,-0.433639884,1.460111141,2.806730747
pyroki,89,1.714810729,-0.9437933564,0.5764567256,-2.661038399,-0.2701615095,1.55812335,2.58272028
pyroki,90,2.090221167,-0.2742359936,-2.352822542,-2.058030367,1.074292064,1.177508473,2.791236877
pyroki,90,-1.081254125,0.2824787796,0.8223893642,-2.059062481,1.067929029,1.186474562,2.795517445
pyroki,90,1.569805861,-1.377910495,-1.50275147,-2.161485195,0.2718747258,1.82597816,-2.856277943
pyroki,90,-0.982087791,0.2578597963,0.7115802765,-2.055876255,1.087624907,1.158543825,2.782352924
pyroki,91,-0.8514751196,-0.8375588059,-0.9683830142,-1.766307592,-0.3677968085,2.260180235,-1.8059659
pyroki,91,0.5843432546,-1.735568523,0.0486645177,-1.711766839,-2.167469263,0.9952748418,-1.494275928
pyroki,91,0.4605305791,-1.732624054,-0.05625237897,-1.699368715,-2.032975912,1.086825967,-1.445507884
pyroki,91,-0.3432736397,-1.369394779,-0.7467901707,-1.693238378,-1.184095025,1.832428336,-1.42275548
pyroki,92,0.764860332,1.387622595,1.000555992,-1.323785901,1.045845032,2.527298927,-2.061139345
pyroki,92,-2.428220272,-1.470271587,-2.032189369,-1.340125322,0.8772813678,2.596591711,-2.001199961
pyroki,92,1.460347176,1.068977118,-0.1292266101,-1.317473173,2.023030996,1.917779803,-2.082480192
pyroki,92,0.9070718288,1.232798219,0.7315715551,-1.301896214,1.360289931,2.362154961,-2.131750584
pyroki,93,-0.6027006507,-1.057565808,2.013150454,-0.877700448,1.763302803,2.721116066,-1.775652647
pyroki,93,-0.6432667375,-1.647914648,0.9342564344,-0.9886189103,2.625218391,2.304591417,-1.430349946
pyroki,93,2.505305529,1.637382984,-2.187820196,-0.9866533279,2.610582829,2.310290575,-1.439822435
pyroki,93,-0.6980772018,-1.717172623,0.7972485423,-1.001122594,2.726005316,2.268749714,-1.362738252
pyroki,94,-1.649503589,-0.4063048959,0.6054939628,-0.6906077266,2.851908684,2.789530277,-1.016169548
pyroki,94,0.7762955427,0.2496287972,-1.765091419,-0.2142524421,2.578050613,2.994310617,-0.8160064816
pyroki,94,-2.114686966,-0.08703513443,2.070422173,-0.2804265618,1.992793798,3.05519104,-1.18315804
pyroki,94,1.013779521,0.0723022595,-0.9830979705,-0.2863700986,1.947449565,3.063026667,-1.213617325
pyroki,95,2.572070837,1.626419067,-1.094210625,-3.070219517,2.55476141,3.294612408,-0.6537765265
pyroki,95,2.571098804,1.664986134,-1.214986801,-3.031509161,2.769868135,3.293193817,-0.989757061
pyroki,95,2.571154118,1.672905564,-1.242387414,-3.025185108,2.816606283,3.293095112,-1.063727856
pyroki,95,2.580610514,1.762808919,-1.588263512,-3.016324282,-2.89710927,3.291302204,-1.976140499
pyroki,96,0.1413339823,-1.06880796,-0.450461477,-3.03083396,-0.710539341,2.890381098,-2.611267567
pyroki,96,1.840836167,1.757154107,-2.314107895,-2.938011885,1.693701506,1.695704341,2.288058281
pyroki,96,-2.573317766,1.335990071,2.339473009,-2.947491646,-1.342455626,2.472818851,-2.212175608
pyroki,96,0.1698350906,-0.7094600797,-0.1941657364,-2.53324008,2.897300005,3.525822401,0.3412827849
pyroki,97,0.6057521701,0.9457909465,-1.330239654,-2.527977705,-1.210757136,1.278328538,-0.4258491993
pyroki,97,-2.527687073,-0.9715548754,1.803758264,-2.529764652,-1.199891567,1.300702453,-0.4332642555
pyroki,97,0.7318980694,1.503610492,-1.41990602,-2.573986769,-0.9376348257,1.732770085,-0.6300601959
pyroki,97,-2.43596673,-1.359895587,1.732364178,-2.560627699,-1.017854452,1.622372746,-0.5673747659
pyroki,98,-1.907503843,1.043314219,-2.155201674,-2.288716316,-0.2350028306,1.768915534,-1.131772757
pyroki,98,2.886320114,-0.3940056264,-0.1517522782,-2.190229177,-0.9430212379,1.192719221,-0.4573967159
pyroki,98,1.836078405,-0.5437816978,0.6710499525,-2.237794161,-0.6915594935,1.503568172,-0.7011391521
pyroki,98,-1.900795341,1.034392118,-2.15707016,-2.288214684,-0.2435637414,1.766604304,-1.123796344
pyroki,99,0.499237895,1.246222973,-0.489366442,-1.641114593,-0.863533318,0.5787237883,0.3858109415
pyroki,99,-2.272690296,-1.528027177,2.272259235,-1.70838809,-0.6789014935,0.8629834056,0.06260350347
pyroki,99,-2.12989974,-1.713563085,2.135908127,-1.736379504,-0.5672405362,0.984228909,-0.1004962102
pyroki,99,-2.208517551,-1.604981303,2.209805489,-1.72087276,-0.6324067712,0.9171199799,-0.006922225002
