problem_idx,Batch-Size,solver,succ(%),IK-time(ms),Pos-Error(mm),Ori-Error,pyroki-time(ms),pyroki-ori-err(rad),collision_free,success_both
0,1,pyroki,0.0,9.485244750976562,445.3674256801605,0.28108978271484375,9.485244750976562,0.28108978271484375,False,False
1,1,pyroki,0.0,7.551908493041992,463.357537984848,0.13339661061763763,7.551908493041992,0.13339661061763763,False,False
2,1,pyroki,0.0,7.391214370727539,430.795282125473,0.28753143548965454,7.391214370727539,0.28753143548965454,False,False
3,1,pyroki,0.0,7.404088973999023,407.72369503974915,0.2476855367422104,7.404088973999023,0.2476855367422104,False,False
4,1,pyroki,0.0,7.480382919311523,426.12141370773315,0.23745249211788177,7.480382919311523,0.23745249211788177,False,False
5,1,pyroki,0.0,7.2307586669921875,418.62133145332336,0.23279844224452972,7.2307586669921875,0.23279844224452972,False,False
6,1,pyroki,0.0,7.324934005737305,430.0045967102051,0.12331564724445343,7.324934005737305,0.12331564724445343,False,False
7,1,pyroki,0.0,7.2345733642578125,427.5904595851898,0.2817517817020416,7.2345733642578125,0.2817517817020416,False,False
8,1,pyroki,0.0,7.22813606262207,402.9645323753357,0.212006077170372,7.22813606262207,0.212006077170372,False,False
9,1,pyroki,0.0,7.211208343505859,444.8293149471283,0.2686041593551636,7.211208343505859,0.2686041593551636,False,False
10,1,pyroki,0.0,7.248640060424805,398.0560004711151,0.09929424524307251,7.248640060424805,0.09929424524307251,False,False
11,1,pyroki,0.0,7.348537445068359,423.1976270675659,0.2424352765083313,7.348537445068359,0.2424352765083313,False,False
12,1,pyroki,0.0,7.408380508422852,406.5138101577759,0.18349669873714447,7.408380508422852,0.18349669873714447,False,False
13,1,pyroki,0.0,7.295846939086914,417.96329617500305,0.2739751935005188,7.295846939086914,0.2739751935005188,False,False
14,1,pyroki,0.0,7.263898849487305,449.67466592788696,0.3769279718399048,7.263898849487305,0.3769279718399048,False,False
15,1,pyroki,0.0,7.499217987060547,414.68846797943115,0.29979392886161804,7.499217987060547,0.29979392886161804,False,False
16,1,pyroki,0.0,7.451534271240234,483.33901166915894,0.08494368940591812,7.451534271240234,0.08494368940591812,False,False
17,1,pyroki,0.0,7.650136947631836,419.5682108402252,0.22604495286941528,7.650136947631836,0.22604495286941528,False,False
18,1,pyroki,0.0,7.532596588134766,445.68443298339844,0.23894654214382172,7.532596588134766,0.23894654214382172,False,False
19,1,pyroki,0.0,8.264541625976562,390.4099762439728,0.1265246868133545,8.264541625976562,0.1265246868133545,False,False
20,1,pyroki,0.0,7.972478866577148,428.5361170768738,0.2492019087076187,7.972478866577148,0.2492019087076187,False,False
21,1,pyroki,0.0,7.495641708374023,420.9752678871155,0.30200502276420593,7.495641708374023,0.30200502276420593,False,False
22,1,pyroki,0.0,7.490873336791992,431.722491979599,0.24740764498710632,7.490873336791992,0.24740764498710632,False,False
23,1,pyroki,0.0,7.477760314941406,446.8500018119812,0.07947223633527756,7.477760314941406,0.07947223633527756,False,False
24,1,pyroki,0.0,7.806301116943359,419.0947711467743,0.2599378228187561,7.806301116943359,0.2599378228187561,False,False
25,1,pyroki,0.0,7.531642913818359,404.51592206954956,0.3124643862247467,7.531642913818359,0.3124643862247467,False,False
26,1,pyroki,0.0,7.522106170654297,421.4079976081848,0.32308316230773926,7.522106170654297,0.32308316230773926,False,False
27,1,pyroki,0.0,8.514881134033203,409.6332788467407,0.32951444387435913,8.514881134033203,0.32951444387435913,False,False
28,1,pyroki,0.0,8.23831558227539,424.31947588920593,0.2802906632423401,8.23831558227539,0.2802906632423401,False,False
29,1,pyroki,0.0,7.517576217651367,429.1413724422455,0.4677726626396179,7.517576217651367,0.4677726626396179,False,False
30,1,pyroki,0.0,7.420063018798828,412.0929539203644,0.18146413564682007,7.420063018798828,0.18146413564682007,False,False
31,1,pyroki,0.0,7.910966873168945,426.5938401222229,0.31500154733657837,7.910966873168945,0.31500154733657837,False,False
32,1,pyroki,0.0,7.815361022949219,404.52978014945984,0.06111012026667595,7.815361022949219,0.06111012026667595,False,False
33,1,pyroki,0.0,7.3413848876953125,441.8647587299347,0.19960618019104004,7.3413848876953125,0.19960618019104004,False,False
34,1,pyroki,0.0,7.443428039550781,429.76388335227966,0.30777764320373535,7.443428039550781,0.30777764320373535,False,False
35,1,pyroki,0.0,7.603883743286133,410.88733077049255,0.21680468320846558,7.603883743286133,0.21680468320846558,False,False
36,1,pyroki,0.0,8.110523223876953,394.37025785446167,0.22321097552776337,8.110523223876953,0.22321097552776337,False,False
37,1,pyroki,0.0,8.024930953979492,450.3597617149353,0.235408216714859,8.024930953979492,0.235408216714859,False,False
38,1,pyroki,0.0,8.12530517578125,433.9697062969208,0.3475688099861145,8.12530517578125,0.3475688099861145,False,False
39,1,pyroki,0.0,7.470607757568359,429.18020486831665,0.23647768795490265,7.470607757568359,0.23647768795490265,False,False
40,1,pyroki,0.0,8.560419082641602,420.53112387657166,0.3249267339706421,8.560419082641602,0.3249267339706421,False,False
41,1,pyroki,0.0,8.134126663208008,430.6313395500183,0.1291298270225525,8.134126663208008,0.1291298270225525,False,False
42,1,pyroki,0.0,8.391618728637695,404.07484769821167,0.25150713324546814,8.391618728637695,0.25150713324546814,False,False
43,1,pyroki,0.0,8.088827133178711,413.0188226699829,0.23245753347873688,8.088827133178711,0.23245753347873688,False,False
44,1,pyroki,0.0,7.516384124755859,460.1258337497711,0.179237961769104,7.516384124755859,0.179237961769104,False,False
45,1,pyroki,0.0,7.4405670166015625,423.65774512290955,0.242029070854187,7.4405670166015625,0.242029070854187,False,False
46,1,pyroki,0.0,7.633686065673828,369.8718845844269,0.12388823181390762,7.633686065673828,0.12388823181390762,False,False
47,1,pyroki,0.0,8.201122283935547,439.8082494735718,0.293331503868103,8.201122283935547,0.293331503868103,False,False
48,1,pyroki,0.0,7.805109024047852,446.63047790527344,0.2662046551704407,7.805109024047852,0.2662046551704407,False,False
49,1,pyroki,0.0,8.134126663208008,395.4582214355469,0.2130085825920105,8.134126663208008,0.2130085825920105,False,False
50,1,pyroki,0.0,8.46242904663086,461.35151386260986,0.3285716772079468,8.46242904663086,0.3285716772079468,False,False
51,1,pyroki,0.0,8.19706916809082,462.6346230506897,0.17455701529979706,8.19706916809082,0.17455701529979706,False,False
52,1,pyroki,0.0,7.732868194580078,419.05519366264343,0.48949429392814636,7.732868194580078,0.48949429392814636,False,False
53,1,pyroki,0.0,7.65228271484375,417.9385006427765,0.20472845435142517,7.65228271484375,0.20472845435142517,False,False
54,1,pyroki,0.0,7.398366928100586,437.3742938041687,0.24835535883903503,7.398366928100586,0.24835535883903503,False,False
55,1,pyroki,0.0,7.244348526000977,402.1644592285156,0.2874126434326172,7.244348526000977,0.2874126434326172,False,False
56,1,pyroki,0.0,7.402181625366211,385.48576831817627,0.21304942667484283,7.402181625366211,0.21304942667484283,False,False
57,1,pyroki,0.0,7.270336151123047,416.7191982269287,0.33709949254989624,7.270336151123047,0.33709949254989624,False,False
58,1,pyroki,0.0,7.367134094238281,405.75212240219116,0.25447195768356323,7.367134094238281,0.25447195768356323,False,False
59,1,pyroki,0.0,7.338762283325195,414.62600231170654,0.29272085428237915,7.338762283325195,0.29272085428237915,False,False
60,1,pyroki,0.0,7.424831390380859,416.7037904262543,0.28377804160118103,7.424831390380859,0.28377804160118103,False,False
61,1,pyroki,0.0,7.39288330078125,389.6934390068054,0.21599461138248444,7.39288330078125,0.21599461138248444,False,False
62,1,pyroki,0.0,7.966041564941406,419.1039502620697,0.29553136229515076,7.966041564941406,0.29553136229515076,False,False
63,1,pyroki,0.0,7.433176040649414,442.4630403518677,0.20059199631214142,7.433176040649414,0.20059199631214142,False,False
64,1,pyroki,0.0,7.416248321533203,431.6674768924713,0.343580424785614,7.416248321533203,0.343580424785614,False,False
65,1,pyroki,0.0,7.905006408691406,440.45576453208923,0.2826806306838989,7.905006408691406,0.2826806306838989,False,False
66,1,pyroki,0.0,7.272005081176758,399.5323181152344,0.23443199694156647,7.272005081176758,0.23443199694156647,False,False
67,1,pyroki,0.0,7.228612899780273,412.0479226112366,0.22114433348178864,7.228612899780273,0.22114433348178864,False,False
68,1,pyroki,0.0,7.272005081176758,392.13496446609497,0.08677220344543457,7.272005081176758,0.08677220344543457,False,False
69,1,pyroki,0.0,7.273435592651367,410.29098629951477,0.3156071901321411,7.273435592651367,0.3156071901321411,False,False
70,1,pyroki,0.0,7.2040557861328125,414.6391749382019,0.33017808198928833,7.2040557861328125,0.33017808198928833,False,False
71,1,pyroki,0.0,7.193803787231445,395.9086835384369,0.23227617144584656,7.193803787231445,0.23227617144584656,False,False
72,1,pyroki,0.0,7.210493087768555,427.78927087783813,0.28559932112693787,7.210493087768555,0.28559932112693787,False,False
73,1,pyroki,0.0,7.2422027587890625,408.4141254425049,0.19362425804138184,7.2422027587890625,0.19362425804138184,False,False
74,1,pyroki,0.0,7.224082946777344,438.4751617908478,0.32635438442230225,7.224082946777344,0.32635438442230225,False,False
75,1,pyroki,0.0,7.181406021118164,442.93510913848877,0.11118464916944504,7.181406021118164,0.11118464916944504,False,False
76,1,pyroki,0.0,7.219552993774414,409.48185324668884,0.30203935503959656,7.219552993774414,0.30203935503959656,False,False
77,1,pyroki,0.0,7.203817367553711,426.38030648231506,0.3058265149593353,7.203817367553711,0.3058265149593353,False,False
78,1,pyroki,0.0,7.212638854980469,445.88640332221985,0.10534753650426865,7.212638854980469,0.10534753650426865,False,False
79,1,pyroki,0.0,7.20977783203125,452.1936774253845,0.3111366033554077,7.20977783203125,0.3111366033554077,False,False
80,1,pyroki,0.0,7.330179214477539,449.6152997016907,0.11733520776033401,7.330179214477539,0.11733520776033401,False,False
81,1,pyroki,0.0,7.34257698059082,454.41973209381104,0.3668993413448334,7.34257698059082,0.3668993413448334,False,False
82,1,pyroki,0.0,7.283687591552734,403.942346572876,0.2352806031703949,7.283687591552734,0.2352806031703949,False,False
83,1,pyroki,0.0,7.236480712890625,404.464453458786,0.2140573412179947,7.236480712890625,0.2140573412179947,False,False
84,1,pyroki,0.0,7.214069366455078,407.50652551651,0.2434185892343521,7.214069366455078,0.2434185892343521,False,False
85,1,pyroki,0.0,7.19761848449707,449.7564435005188,0.32509127259254456,7.19761848449707,0.32509127259254456,False,False
86,1,pyroki,0.0,7.35926628112793,451.7316222190857,0.24112661182880402,7.35926628112793,0.24112661182880402,False,False
87,1,pyroki,0.0,7.263422012329102,445.12757658958435,0.16291029751300812,7.263422012329102,0.16291029751300812,False,False
88,1,pyroki,0.0,7.478475570678711,413.70224952697754,0.24379576742649078,7.478475570678711,0.24379576742649078,False,False
89,1,pyroki,0.0,7.795095443725586,400.75185894966125,0.1223401352763176,7.795095443725586,0.1223401352763176,False,False
90,1,pyroki,0.0,7.961273193359375,371.3633716106415,0.1933765858411789,7.961273193359375,0.1933765858411789,False,False
91,1,pyroki,0.0,7.556915283203125,429.8824071884155,0.14643116295337677,7.556915283203125,0.14643116295337677,False,False
92,1,pyroki,0.0,7.894992828369141,410.9528064727783,0.23637519776821136,7.894992828369141,0.23637519776821136,False,False
93,1,pyroki,0.0,8.119583129882812,448.22853803634644,0.250715434551239,8.119583129882812,0.250715434551239,False,False
94,1,pyroki,0.0,7.372140884399414,405.70929646492004,0.22272610664367676,7.372140884399414,0.22272610664367676,False,False
95,1,pyroki,0.0,8.272886276245117,424.22646284103394,0.1283879280090332,8.272886276245117,0.1283879280090332,False,False
96,1,pyroki,0.0,7.351875305175781,429.4726848602295,0.28816455602645874,7.351875305175781,0.28816455602645874,False,False
97,1,pyroki,0.0,7.369279861450195,445.6403851509094,0.20964810252189636,7.369279861450195,0.20964810252189636,False,False
98,1,pyroki,0.0,7.347345352172852,410.4383587837219,0.21643558144569397,7.347345352172852,0.21643558144569397,False,False
99,1,pyroki,0.0,7.3642730712890625,433.18501114845276,0.2671118378639221,7.3642730712890625,0.2671118378639221,False,False
0,10,pyroki,100.0,13.079643249511719,0.0002747638347955217,1.2795850352631533e-06,13.079643249511719,1.2795850352631533e-06,True,True
1,10,pyroki,100.0,12.008190155029297,0.02353768468310591,2.2370004444383085e-05,12.008190155029297,2.2370004444383085e-05,True,True
2,10,pyroki,100.0,12.813806533813477,0.02824154944391921,3.018289862666279e-05,12.813806533813477,3.018289862666279e-05,True,True
3,10,pyroki,100.0,12.484312057495117,8.940696716308594e-05,1.3397287830230198e-06,12.484312057495117,1.3397287830230198e-06,True,True
4,10,pyroki,100.0,11.987447738647461,0.000501574049849296,9.144968657892605e-07,11.987447738647461,9.144968657892605e-07,True,True
5,10,pyroki,100.0,12.200117111206055,0.0002349741095031277,1.1728694744306267e-06,12.200117111206055,1.1728694744306267e-06,True,True
6,10,pyroki,100.0,12.57181167602539,0.0009676580248196842,1.8098290865964373e-06,12.57181167602539,1.8098290865964373e-06,True,True
7,10,pyroki,100.0,11.801719665527344,0.0049374139052815735,3.701006335177226e-06,11.801719665527344,3.701006335177226e-06,True,True
8,10,pyroki,100.0,12.440204620361328,8.429369557916289e-05,1.3127410056767985e-06,12.440204620361328,1.3127410056767985e-06,True,True
9,10,pyroki,100.0,12.030363082885742,6.828570064953965e-05,9.121197308559204e-07,12.030363082885742,9.121197308559204e-07,True,True
10,10,pyroki,100.0,12.84170150756836,0.011877160432050005,1.6724921806599014e-05,12.84170150756836,1.6724921806599014e-05,True,True
11,10,pyroki,100.0,11.921882629394531,0.0002758287678261695,7.548469511675648e-07,11.921882629394531,7.548469511675648e-07,True,True
12,10,pyroki,100.0,12.438535690307617,0.0008264436814897635,1.3738592770096147e-06,12.438535690307617,1.3738592770096147e-06,True,True
13,10,pyroki,100.0,12.22681999206543,0.0006014238351781387,1.2446646451280685e-06,12.22681999206543,1.2446646451280685e-06,True,True
14,10,pyroki,100.0,12.918949127197266,0.0003075564904975181,1.1792283203249099e-06,12.918949127197266,1.1792283203249099e-06,True,True
15,10,pyroki,100.0,13.118982315063477,0.005433859314507572,3.8847565519972704e-06,13.118982315063477,3.8847565519972704e-06,True,True
16,10,pyroki,100.0,12.627840042114258,0.003128676098640426,4.1623370634624735e-06,12.627840042114258,4.1623370634624735e-06,True,True
17,10,pyroki,100.0,12.625694274902344,0.0020107183900108794,2.7262813091510907e-06,12.625694274902344,2.7262813091510907e-06,True,True
18,10,pyroki,100.0,13.40937614440918,0.041807827074080706,4.6819335693726316e-05,13.40937614440918,4.6819335693726316e-05,True,True
19,10,pyroki,100.0,12.680530548095703,0.0013674200545210624,1.5043300436445861e-06,12.680530548095703,1.5043300436445861e-06,True,True
20,10,pyroki,100.0,11.978864669799805,0.0008940696716308594,1.4162121715344256e-06,11.978864669799805,1.4162121715344256e-06,True,True
21,10,pyroki,100.0,13.381481170654297,0.02156222217308823,2.0612860680557787e-05,13.381481170654297,2.0612860680557787e-05,True,True
22,10,pyroki,100.0,12.727499008178711,0.0019940848687838297,1.0479327556822682e-06,12.727499008178711,1.0479327556822682e-06,True,True
23,10,pyroki,100.0,13.372659683227539,0.03207323970855214,3.11972908093594e-05,13.372659683227539,3.11972908093594e-05,True,True
24,10,pyroki,100.0,11.760473251342773,0.0008090657956927316,1.54529811879911e-06,11.760473251342773,1.54529811879911e-06,True,True
25,10,pyroki,100.0,12.769222259521484,0.00851680579216918,1.1287617780908477e-05,12.769222259521484,1.1287617780908477e-05,True,True
26,10,pyroki,100.0,11.359214782714844,0.00020267771105864085,1.2454385114324396e-06,11.359214782714844,1.2454385114324396e-06,True,True
27,10,pyroki,100.0,11.497974395751953,0.007071417257975554,4.828754754271358e-06,11.497974395751953,4.828754754271358e-06,True,True
28,10,pyroki,100.0,11.056661605834961,0.0008086540219665039,2.257769665447995e-06,11.056661605834961,2.257769665447995e-06,True,True
29,10,pyroki,100.0,12.02392578125,0.00018371385124282824,7.717044354649261e-07,12.02392578125,7.717044354649261e-07,True,True
30,10,pyroki,100.0,12.050390243530273,0.00018371385124282824,1.380089429403597e-06,12.050390243530273,1.380089429403597e-06,True,True
31,10,pyroki,100.0,12.042999267578125,0.0033347987482557073,3.7922573028481565e-06,12.042999267578125,3.7922573028481565e-06,True,True
32,10,pyroki,100.0,11.768102645874023,0.00023466371601443825,1.2811186707040179e-06,11.768102645874023,1.2811186707040179e-06,True,True
33,10,pyroki,100.0,12.092113494873047,0.0001437015981764489,9.39341759931267e-07,12.092113494873047,9.39341759931267e-07,True,True
34,10,pyroki,100.0,12.189626693725586,0.0076896485552424565,6.351607225951739e-06,12.189626693725586,6.351607225951739e-06,True,True
35,10,pyroki,100.0,12.042760848999023,0.005067556230642367,6.140878667793004e-06,12.042760848999023,6.140878667793004e-06,True,True
36,10,pyroki,100.0,10.946273803710938,0.0011230375775994617,2.106981355609605e-06,10.946273803710938,2.106981355609605e-06,True,True
37,10,pyroki,100.0,11.483192443847656,0.00025965701411223563,1.148736487266433e-06,11.483192443847656,1.148736487266433e-06,True,True
38,10,pyroki,100.0,11.522054672241211,0.0034165623219450936,3.0602418519265484e-06,11.522054672241211,3.0602418519265484e-06,True,True
39,10,pyroki,100.0,11.695384979248047,0.04508219353738241,4.251544669386931e-05,11.695384979248047,4.251544669386931e-05,True,True
40,10,pyroki,100.0,11.694908142089844,0.00020485710194861895,1.3624776329379529e-06,11.694908142089844,1.3624776329379529e-06,True,True
41,10,pyroki,100.0,11.864662170410156,0.005263401362753939,4.7366556827910244e-06,11.864662170410156,4.7366556827910244e-06,True,True
42,10,pyroki,100.0,11.684179306030273,0.00840828306536423,9.410006896359846e-06,11.684179306030273,9.410006896359846e-06,True,True
43,10,pyroki,100.0,10.40506362915039,0.0006722472107867361,1.7537252006150084e-06,10.40506362915039,1.7537252006150084e-06,True,True
44,10,pyroki,100.0,11.471033096313477,0.0634598545730114,5.076898378320038e-05,11.471033096313477,5.076898378320038e-05,True,True
45,10,pyroki,100.0,11.326074600219727,0.004585782335198019,3.6919923331879545e-06,11.326074600219727,3.6919923331879545e-06,True,True
46,10,pyroki,100.0,11.363744735717773,0.0010516673683014233,1.7406498500349699e-06,11.363744735717773,1.7406498500349699e-06,True,True
47,10,pyroki,100.0,11.512279510498047,0.0033015069220709847,4.856920440943213e-06,11.512279510498047,4.856920440943213e-06,True,True
48,10,pyroki,100.0,11.326789855957031,0.00019373874238226563,8.461867651021748e-07,11.326789855957031,8.461867651021748e-07,True,True
49,10,pyroki,100.0,10.741233825683594,0.012763714948960114,8.594275641371496e-06,10.741233825683594,8.594275641371496e-06,True,True
50,10,pyroki,100.0,11.250734329223633,0.0025472813831584062,3.176609880028991e-06,11.250734329223633,3.176609880028991e-06,True,True
51,10,pyroki,100.0,10.798454284667969,0.0003264680970005429,1.0854387255676556e-06,10.798454284667969,1.0854387255676556e-06,True,True
52,10,pyroki,100.0,11.808395385742188,0.0001627231398515505,1.3223817632024293e-06,11.808395385742188,1.3223817632024293e-06,True,True
53,10,pyroki,100.0,10.524988174438477,0.00026530761942922254,1.0853215144379647e-06,10.524988174438477,1.0853215144379647e-06,True,True
54,10,pyroki,100.0,12.215137481689453,0.005372545274440199,1.1824933608295396e-05,12.215137481689453,1.1824933608295396e-05,True,True
55,10,pyroki,100.0,10.473489761352539,0.0346141132467892,4.795564746018499e-05,10.473489761352539,4.795564746018499e-05,True,True
56,10,pyroki,100.0,11.459827423095703,4.214684778958144e-05,1.1203751455468591e-06,11.459827423095703,1.1203751455468591e-06,True,True
57,10,pyroki,100.0,12.017488479614258,0.0007564449333585799,1.7484370573583874e-06,12.017488479614258,1.7484370573583874e-06,True,True
58,10,pyroki,100.0,12.316465377807617,0.031813378882361576,2.5403072868357413e-05,12.316465377807617,2.5403072868357413e-05,True,True
59,10,pyroki,100.0,12.226343154907227,0.021777566871605814,1.956995220098179e-05,12.226343154907227,1.956995220098179e-05,True,True
60,10,pyroki,100.0,10.28299331665039,0.0010929775271506514,1.0886209338423214e-06,10.28299331665039,1.0886209338423214e-06,True,True
61,10,pyroki,100.0,11.042118072509766,0.02519369991205167,4.41165866504889e-05,11.042118072509766,4.41165866504889e-05,True,True
62,10,pyroki,100.0,12.015581130981445,0.0007426700676660403,1.5193520539469318e-06,12.015581130981445,1.5193520539469318e-06,True,True
63,10,pyroki,100.0,12.279272079467773,0.005394344043452293,3.6565959362633293e-06,12.279272079467773,3.6565959362633293e-06,True,True
64,10,pyroki,100.0,11.138200759887695,0.00020267771105864085,1.234831870533526e-06,11.138200759887695,1.234831870533526e-06,True,True
65,10,pyroki,100.0,11.664152145385742,0.00012287812012345967,1.2005777989543276e-06,11.664152145385742,1.2005777989543276e-06,True,True
66,10,pyroki,100.0,11.63339614868164,8.688795105626923e-05,1.1090876341768308e-06,11.63339614868164,1.1090876341768308e-06,True,True
67,10,pyroki,100.0,11.901140213012695,0.0006483289780589985,2.332063331778045e-06,11.901140213012695,2.332063331778045e-06,True,True
68,10,pyroki,100.0,13.252973556518555,0.0053885369197814725,9.100663191929925e-06,13.252973556518555,9.100663191929925e-06,True,True
69,10,pyroki,100.0,13.38958740234375,0.02841181049006991,3.070864477194846e-05,13.38958740234375,3.070864477194846e-05,True,True
70,10,pyroki,100.0,12.199878692626953,0.004423336122272303,4.944397005601786e-06,12.199878692626953,4.944397005601786e-06,True,True
71,10,pyroki,100.0,11.838674545288086,0.009440987923881039,1.5756873835925944e-05,11.838674545288086,1.5756873835925944e-05,True,True
72,10,pyroki,100.0,12.284278869628906,0.006865555405966006,6.348072474793298e-06,12.284278869628906,6.348072474793298e-06,True,True
73,10,pyroki,100.0,12.101173400878906,0.003177282906108303,3.62579635293514e-06,12.101173400878906,3.62579635293514e-06,True,True
74,10,pyroki,100.0,11.925935745239258,0.010863233001146,8.857007742335554e-06,11.925935745239258,8.857007742335554e-06,True,True
75,10,pyroki,100.0,13.657808303833008,0.004604458808898926,7.255338914546883e-06,13.657808303833008,7.255338914546883e-06,True,True
76,10,pyroki,100.0,13.14544677734375,0.00043598853949333716,1.5913162769720657e-06,13.14544677734375,1.5913162769720657e-06,True,True
77,10,pyroki,100.0,11.210918426513672,0.013167408724257257,2.136518742190674e-05,11.210918426513672,2.136518742190674e-05,True,True
78,10,pyroki,100.0,12.315034866333008,0.007427672244375572,7.22233698979835e-06,12.315034866333008,7.22233698979835e-06,True,True
79,10,pyroki,100.0,13.023614883422852,0.00050046611477228,1.2787274954462191e-06,13.023614883422852,1.2787274954462191e-06,True,True
80,10,pyroki,100.0,13.002872467041016,0.0332481722580269,3.381787610123865e-05,13.002872467041016,3.381787610123865e-05,True,True
81,10,pyroki,100.0,12.63284683227539,0.008654034900246188,6.364884484355571e-06,12.63284683227539,6.364884484355571e-06,True,True
82,10,pyroki,100.0,11.858940124511719,0.020624587705242448,4.379020901978947e-05,11.858940124511719,4.379020901978947e-05,True,True
83,10,pyroki,100.0,12.252330780029297,0.00012990531672585348,9.553640438753064e-07,12.252330780029297,9.553640438753064e-07,True,True
84,10,pyroki,100.0,13.846874237060547,0.020682646209024824,1.5855845049372874e-05,13.846874237060547,1.5855845049372874e-05,True,True
85,10,pyroki,100.0,13.067245483398438,0.00041509832726660534,1.2897016858914867e-06,13.067245483398438,1.2897016858914867e-06,True,True
86,10,pyroki,100.0,11.720418930053711,0.000488112561924936,1.3994610981171718e-06,11.720418930053711,1.3994610981171718e-06,True,True
87,10,pyroki,100.0,13.041496276855469,0.0001341104507446289,8.06884088433435e-07,13.041496276855469,8.06884088433435e-07,True,True
88,10,pyroki,100.0,12.914419174194336,0.002452361741234199,2.9960017400298966e-06,12.914419174194336,2.9960017400298966e-06,True,True
89,10,pyroki,100.0,12.836933135986328,0.00033453022751928074,1.0683222626539646e-06,12.836933135986328,1.0683222626539646e-06,True,True
90,10,pyroki,100.0,12.51840591430664,0.005654604137816932,3.954311978304759e-06,12.51840591430664,3.954311978304759e-06,True,True
91,10,pyroki,100.0,12.470722198486328,0.0008128989748001914,1.6985530919555458e-06,12.470722198486328,1.6985530919555458e-06,True,True
92,10,pyroki,100.0,12.928009033203125,0.0003698370960592001,1.472674398428353e-06,12.928009033203125,1.472674398428353e-06,True,True
93,10,pyroki,100.0,13.423919677734375,0.002618706957946415,1.913382448037737e-06,13.423919677734375,1.913382448037737e-06,True,True
94,10,pyroki,100.0,12.806892395019531,0.0014096372069616336,2.237372655145009e-06,12.806892395019531,2.237372655145009e-06,True,True
95,10,pyroki,100.0,11.70039176940918,0.0001115100829451876,1.1900774552486837e-06,11.70039176940918,1.1900774552486837e-06,True,True
96,10,pyroki,100.0,11.986970901489258,0.0008308650194521761,8.667536803841358e-07,11.986970901489258,8.667536803841358e-07,True,True
97,10,pyroki,100.0,12.209177017211914,0.0016071853679022752,2.031157691817498e-06,12.209177017211914,2.031157691817498e-06,True,True
98,10,pyroki,100.0,13.749837875366211,0.00020434838177152415,1.0038887694463483e-06,13.749837875366211,1.0038887694463483e-06,True,True
99,10,pyroki,100.0,12.217998504638672,0.003570579565348453,2.077664930766332e-06,12.217998504638672,2.077664930766332e-06,True,True
0,100,pyroki,100.0,13.435840606689453,0.03839956480078399,3.373102663317695e-05,13.435840606689453,3.373102663317695e-05,True,True
1,100,pyroki,100.0,14.075040817260742,0.00010848209086589122,7.954437251100899e-07,14.075040817260742,7.954437251100899e-07,True,True
2,100,pyroki,100.0,13.29493522644043,0.005685315500159049,6.493669843621319e-06,13.29493522644043,6.493669843621319e-06,True,True
3,100,pyroki,100.0,13.462543487548828,0.015427589460159652,1.2118925951654091e-05,13.462543487548828,1.2118925951654091e-05,True,True
4,100,pyroki,100.0,12.753725051879883,0.002037103740804014,2.798727564368164e-06,12.753725051879883,2.798727564368164e-06,True,True
5,100,pyroki,100.0,12.768268585205078,0.0027126186523673823,5.391850208980031e-06,12.768268585205078,5.391850208980031e-06,True,True
6,100,pyroki,100.0,12.587308883666992,0.004580356289807241,4.615997113432968e-06,12.587308883666992,4.615997113432968e-06,True,True
7,100,pyroki,100.0,14.0228271484375,0.0012735044947476126,1.128045028053748e-06,14.0228271484375,1.128045028053748e-06,True,True
8,100,pyroki,100.0,12.58087158203125,0.0152387310663471,1.6142063032020815e-05,12.58087158203125,1.6142063032020815e-05,True,True
9,100,pyroki,100.0,11.890172958374023,0.010251879757561255,7.994940460775979e-06,11.890172958374023,7.994940460775979e-06,True,True
10,100,pyroki,100.0,12.316465377807617,0.014752225069969427,1.976554631255567e-05,12.316465377807617,1.976554631255567e-05,True,True
11,100,pyroki,100.0,11.846780776977539,0.00020758258756359282,9.615939688956132e-07,11.846780776977539,9.615939688956132e-07,True,True
12,100,pyroki,100.0,12.822628021240234,0.0003424026147058612,1.1715691243807669e-06,12.822628021240234,1.1715691243807669e-06,True,True
13,100,pyroki,100.0,10.881423950195312,0.0005399486440182955,1.101287466553913e-06,10.881423950195312,1.101287466553913e-06,True,True
14,100,pyroki,100.0,13.660430908203125,0.002626707555464236,3.2427776659460505e-06,13.660430908203125,3.2427776659460505e-06,True,True
15,100,pyroki,100.0,13.024568557739258,0.005205882189329714,3.6653445931733586e-06,13.024568557739258,3.6653445931733586e-06,True,True
16,100,pyroki,100.0,13.112068176269531,0.026382753276266158,2.7476169634610415e-05,13.112068176269531,2.7476169634610415e-05,True,True
17,100,pyroki,100.0,12.541055679321289,0.00010745380052412656,1.0093323226101347e-06,12.541055679321289,1.0093323226101347e-06,True,True
18,100,pyroki,100.0,13.265132904052734,0.0009410174470758648,1.7420879885321483e-06,13.265132904052734,1.7420879885321483e-06,True,True
19,100,pyroki,100.0,12.564897537231445,7.598131190889035e-05,1.1056096127504134e-06,12.564897537231445,1.1056096127504134e-06,True,True
20,100,pyroki,100.0,12.919902801513672,0.0003143403262129141,1.102383976103738e-06,12.919902801513672,1.102383976103738e-06,True,True
21,100,pyroki,100.0,14.146566390991211,0.02677524389582686,2.2710228222422302e-05,14.146566390991211,2.2710228222422302e-05,True,True
22,100,pyroki,100.0,12.327194213867188,0.005572635927819647,4.461443950276589e-06,12.327194213867188,4.461443950276589e-06,True,True
23,100,pyroki,100.0,12.43281364440918,0.0025033950805664062,1.851892875492922e-06,12.43281364440918,1.851892875492922e-06,True,True
24,100,pyroki,100.0,14.259815216064453,0.006804611530242255,6.650785508099943e-06,14.259815216064453,6.650785508099943e-06,True,True
25,100,pyroki,100.0,12.738704681396484,0.00042389808641019044,8.227295325013984e-07,12.738704681396484,8.227295325013984e-07,True,True
26,100,pyroki,100.0,13.86570930480957,0.0019435592548688874,2.0915379081998253e-06,13.86570930480957,2.0915379081998253e-06,True,True
27,100,pyroki,100.0,13.855457305908203,0.008485086254950147,1.1453526894911192e-05,13.855457305908203,1.1453526894911192e-05,True,True
28,100,pyroki,100.0,12.90583610534668,0.01135327693191357,1.6389669326599687e-05,12.90583610534668,1.6389669326599687e-05,True,True
29,100,pyroki,100.0,13.306379318237305,0.021375890355557203,1.5655903553124517e-05,13.306379318237305,1.5655903553124517e-05,True,True
30,100,pyroki,100.0,13.553857803344727,9.541398782175747e-05,1.0038188520411495e-06,13.553857803344727,1.0038188520411495e-06,True,True
31,100,pyroki,100.0,14.261245727539062,0.016504594896105118,1.6934167433646508e-05,14.261245727539062,1.6934167433646508e-05,True,True
32,100,pyroki,100.0,13.016223907470703,0.01778791738615837,2.5887178708217107e-05,13.016223907470703,2.5887178708217107e-05,True,True
33,100,pyroki,100.0,13.698339462280273,0.00543631040272885,4.446443199412897e-06,13.698339462280273,4.446443199412897e-06,True,True
34,100,pyroki,100.0,13.927221298217773,0.017087728338083252,1.7557835235493258e-05,13.927221298217773,1.7557835235493258e-05,True,True
35,100,pyroki,100.0,13.620138168334961,0.004942178748024162,5.828650955663761e-06,13.620138168334961,5.828650955663761e-06,True,True
36,100,pyroki,100.0,13.937950134277344,0.023291539037018083,3.80335513909813e-05,13.937950134277344,3.80335513909813e-05,True,True
37,100,pyroki,100.0,12.870311737060547,0.001696558911135071,1.1907915222764132e-06,12.870311737060547,1.1907915222764132e-06,True,True
38,100,pyroki,100.0,13.808965682983398,0.006305537681328133,8.406786946579814e-06,13.808965682983398,8.406786946579814e-06,True,True
39,100,pyroki,100.0,13.528108596801758,0.00015269147013441398,1.6263865063592675e-06,13.528108596801758,1.6263865063592675e-06,True,True
40,100,pyroki,100.0,13.640165328979492,0.0019704814349097433,3.4493377825128846e-06,13.640165328979492,3.4493377825128846e-06,True,True
41,100,pyroki,100.0,14.017105102539062,0.00024073563054116676,1.236823891304084e-06,14.017105102539062,1.236823891304084e-06,True,True
42,100,pyroki,100.0,12.706518173217773,8.56006536764653e-05,1.0773253507068148e-06,12.706518173217773,1.0773253507068148e-06,True,True
43,100,pyroki,100.0,12.43281364440918,0.0037694046568503836,5.005485036235768e-06,12.43281364440918,5.005485036235768e-06,True,True
44,100,pyroki,100.0,14.565706253051758,0.0010713303026932408,4.421978871960164e-07,14.565706253051758,4.421978871960164e-07,True,True
45,100,pyroki,100.0,14.450550079345703,0.004314780198910739,1.31880015032948e-05,14.450550079345703,1.31880015032948e-05,True,True
46,100,pyroki,100.0,14.181137084960938,0.00032132652449945454,8.91441061412479e-07,14.181137084960938,8.91441061412479e-07,True,True
47,100,pyroki,100.0,13.492584228515625,0.00576536285734619,6.1616715356649365e-06,13.492584228515625,6.1616715356649365e-06,True,True
48,100,pyroki,100.0,13.546466827392578,0.00023923854541862966,1.1463199598438223e-06,13.546466827392578,1.1463199598438223e-06,True,True
49,100,pyroki,100.0,13.50712776184082,0.0015001199926700792,2.6224929570162203e-06,13.50712776184082,2.6224929570162203e-06,True,True
50,100,pyroki,100.0,14.332056045532227,0.004489436832955107,8.225569217756856e-06,14.332056045532227,8.225569217756856e-06,True,True
51,100,pyroki,100.0,14.249801635742188,0.0011699072501869523,1.2946810556968558e-06,14.249801635742188,1.2946810556968558e-06,True,True
52,100,pyroki,100.0,13.5955810546875,0.007093535714375321,1.1406831617932767e-05,13.5955810546875,1.1406831617932767e-05,True,True
53,100,pyroki,100.0,13.578414916992188,0.0021304492747731274,2.9060659016977297e-06,13.578414916992188,2.9060659016977297e-06,True,True
54,100,pyroki,100.0,13.645410537719727,0.0011030886071239365,6.721290333189245e-07,13.645410537719727,6.721290333189245e-07,True,True
55,100,pyroki,100.0,12.812137603759766,0.004258526587364031,5.931007763138041e-06,12.812137603759766,5.931007763138041e-06,True,True
56,100,pyroki,100.0,13.127803802490234,0.022289597836788744,2.4612649212940596e-05,13.127803802490234,2.4612649212940596e-05,True,True
57,100,pyroki,100.0,14.33706283569336,0.009021693585964385,1.1827730304503348e-05,14.33706283569336,1.1827730304503348e-05,True,True
58,100,pyroki,100.0,13.780832290649414,0.010475039744051173,2.0835952454945073e-05,13.780832290649414,2.0835952454945073e-05,True,True
59,100,pyroki,100.0,13.929128646850586,0.0039004057725833263,1.0550731531111524e-05,13.929128646850586,1.0550731531111524e-05,True,True
60,100,pyroki,100.0,13.364076614379883,0.005159331976756221,2.8136003038525814e-06,13.364076614379883,2.8136003038525814e-06,True,True
61,100,pyroki,100.0,13.376951217651367,0.0004172325134277344,1.22669280244736e-06,13.376951217651367,1.22669280244736e-06,True,True
62,100,pyroki,100.0,14.183282852172852,0.0001921325463172252,1.1238621482334565e-06,14.183282852172852,1.1238621482334565e-06,True,True
63,100,pyroki,100.0,14.066696166992188,0.0026334191716159694,3.0367014005605597e-06,14.066696166992188,3.0367014005605597e-06,True,True
64,100,pyroki,100.0,12.731075286865234,0.016750311260693707,1.4494334209302906e-05,12.731075286865234,1.4494334209302906e-05,True,True
65,100,pyroki,100.0,13.708353042602539,0.0011255062872805865,1.034398223964672e-06,13.708353042602539,1.034398223964672e-06,True,True
66,100,pyroki,100.0,13.758420944213867,0.010295419087924529,1.3910093912272714e-05,13.758420944213867,1.3910093912272714e-05,True,True
67,100,pyroki,100.0,15.145540237426758,0.00017441361421788315,9.063293191502453e-07,15.145540237426758,9.063293191502453e-07,True,True
68,100,pyroki,100.0,13.751029968261719,0.0020699744709418155,4.416388037498109e-06,13.751029968261719,4.416388037498109e-06,True,True
69,100,pyroki,100.0,13.20028305053711,0.00048584701062281965,1.4391036984306993e-06,13.20028305053711,1.4391036984306993e-06,True,True
70,100,pyroki,100.0,15.098333358764648,0.0003115910942597111,1.3169727708373102e-06,15.098333358764648,1.3169727708373102e-06,True,True
71,100,pyroki,100.0,13.138771057128906,0.012018652341794223,1.3033046343480237e-05,13.138771057128906,1.3033046343480237e-05,True,True
72,100,pyroki,100.0,13.291120529174805,0.00039198835111164954,6.212647463144094e-07,13.291120529174805,6.212647463144094e-07,True,True
73,100,pyroki,100.0,13.773918151855469,0.005051867447036784,4.497904683375964e-06,13.773918151855469,4.497904683375964e-06,True,True
74,100,pyroki,100.0,13.643980026245117,0.005113868610351346,4.017261289845919e-06,13.643980026245117,4.017261289845919e-06,True,True
75,100,pyroki,100.0,14.026403427124023,0.03664680116344243,4.186842488707043e-05,14.026403427124023,4.186842488707043e-05,True,True
76,100,pyroki,100.0,14.125585556030273,0.00010803442052065293,9.061151899913966e-07,14.125585556030273,9.061151899913966e-07,True,True
77,100,pyroki,100.0,13.596057891845703,0.0032595416996628046,3.3411592994525563e-06,13.596057891845703,3.3411592994525563e-06,True,True
78,100,pyroki,100.0,13.196706771850586,0.010116033990925644,1.1155597348988522e-05,13.196706771850586,1.1155597348988522e-05,True,True
79,100,pyroki,100.0,13.40794563293457,0.005970067832095083,4.578332209348446e-06,13.40794563293457,4.578332209348446e-06,True,True
80,100,pyroki,100.0,14.474153518676758,0.014686082977277692,1.7538752217660658e-05,14.474153518676758,1.7538752217660658e-05,True,True
81,100,pyroki,100.0,12.783288955688477,0.0019032114551009727,2.3254435745911906e-06,12.783288955688477,2.3254435745911906e-06,True,True
82,100,pyroki,100.0,14.673709869384766,0.0002828048195624433,1.2566931673063664e-06,14.673709869384766,1.2566931673063664e-06,True,True
83,100,pyroki,100.0,14.09149169921875,0.034346205211477354,2.5349565476062708e-05,14.09149169921875,2.5349565476062708e-05,True,True
84,100,pyroki,100.0,13.748884201049805,0.00024934411158028524,1.0369809615440317e-06,13.748884201049805,1.0369809615440317e-06,True,True
85,100,pyroki,100.0,13.675689697265625,0.04458394687389955,3.7169924326008186e-05,13.675689697265625,3.7169924326008186e-05,True,True
86,100,pyroki,100.0,14.400959014892578,0.0003203099936399667,1.0015489806391997e-06,14.400959014892578,1.0015489806391997e-06,True,True
87,100,pyroki,100.0,13.04006576538086,0.004674311639973894,3.1034310268296394e-06,13.04006576538086,3.1034310268296394e-06,True,True
88,100,pyroki,100.0,13.653039932250977,0.0016397372064602678,2.0935744942107704e-06,13.653039932250977,2.0935744942107704e-06,True,True
89,100,pyroki,100.0,14.291763305664062,0.01114906626753509,1.3687647879123688e-05,14.291763305664062,1.3687647879123688e-05,True,True
90,100,pyroki,100.0,12.627601623535156,0.00048058052470878465,1.1461225994935376e-06,12.627601623535156,1.1461225994935376e-06,True,True
91,100,pyroki,100.0,12.805461883544922,0.0026803870696312515,4.616891146724811e-06,12.805461883544922,4.616891146724811e-06,True,True
92,100,pyroki,100.0,12.42208480834961,0.004646033175959019,5.984900326438947e-06,12.42208480834961,5.984900326438947e-06,True,True
93,100,pyroki,100.0,14.089584350585938,0.0006264250487220124,1.115191594180942e-06,14.089584350585938,1.115191594180942e-06,True,True
94,100,pyroki,100.0,12.779712677001953,0.01936197077156976,2.4811140974634327e-05,12.779712677001953,2.4811140974634327e-05,True,True
95,100,pyroki,100.0,13.556718826293945,0.0007098022365426004,1.071981614586548e-06,13.556718826293945,1.071981614586548e-06,True,True
96,100,pyroki,100.0,14.708995819091797,0.010074992133013438,1.3419126844382845e-05,14.708995819091797,1.3419126844382845e-05,True,True
97,100,pyroki,100.0,13.715267181396484,0.0010541979236222687,2.5777383143577026e-06,13.715267181396484,2.5777383143577026e-06,True,True
98,100,pyroki,100.0,14.605522155761719,0.05085800512460992,4.441610144567676e-05,14.605522155761719,4.441610144567676e-05,True,True
99,100,pyroki,100.0,12.793302536010742,0.008295026418636553,9.831101124291308e-06,12.793302536010742,9.831101124291308e-06,True,True
0,1000,pyroki,100.0,20.36261558532715,0.00026151431598009367,1.2888577884950791e-06,20.36261558532715,1.2888577884950791e-06,True,True
1,1000,pyroki,100.0,20.570993423461914,0.02636731369420886,1.2730187336273957e-05,20.570993423461914,1.2730187336273957e-05,True,True
2,1000,pyroki,100.0,22.0334529876709,0.014711335097672418,9.218798368237913e-06,22.0334529876709,9.218798368237913e-06,True,True
3,1000,pyroki,100.0,22.351980209350586,0.0008092030157058616,1.0509825187909883e-06,22.351980209350586,1.0509825187909883e-06,True,True
4,1000,pyroki,100.0,21.481752395629883,0.001819955855353328,2.774097765723127e-06,21.481752395629883,2.774097765723127e-06,True,True
5,1000,pyroki,100.0,21.426677703857422,0.014350234778248705,1.8777800505631603e-05,21.426677703857422,1.8777800505631603e-05,True,True
6,1000,pyroki,100.0,20.92719078063965,0.009302920261688996,1.528306347609032e-05,20.92719078063965,1.528306347609032e-05,True,True
7,1000,pyroki,100.0,20.94578742980957,0.0003268079922236211,1.1510961712701828e-06,20.94578742980957,1.1510961712701828e-06,True,True
8,1000,pyroki,100.0,21.734237670898438,0.004987327429262223,5.570068424276542e-06,21.734237670898438,5.570068424276542e-06,True,True
9,1000,pyroki,100.0,20.557403564453125,0.008602359230280854,6.499870323750656e-06,20.557403564453125,6.499870323750656e-06,True,True
10,1000,pyroki,100.0,20.50614356994629,0.007051462034723954,1.2823903489334043e-05,20.50614356994629,1.2823903489334043e-05,True,True
11,1000,pyroki,100.0,20.351648330688477,0.007807129804859869,1.6897773093660362e-05,20.351648330688477,1.6897773093660362e-05,True,True
12,1000,pyroki,100.0,21.994829177856445,0.013869771464669611,7.54347911424702e-06,21.994829177856445,7.54347911424702e-06,True,True
13,1000,pyroki,100.0,20.548343658447266,0.012877793778898194,1.3552695236285217e-05,20.548343658447266,1.3552695236285217e-05,True,True
14,1000,pyroki,100.0,21.61860466003418,0.0010379865216236794,1.9291985609015683e-06,21.61860466003418,1.9291985609015683e-06,True,True
15,1000,pyroki,100.0,21.294355392456055,0.0004674311639973894,8.621813094578101e-07,21.294355392456055,8.621813094578101e-07,True,True
16,1000,pyroki,100.0,21.971464157104492,0.0009657055670686532,2.3424713617714588e-06,21.971464157104492,2.3424713617714588e-06,True,True
17,1000,pyroki,100.0,22.032499313354492,0.024464916350552812,2.765500539680943e-05,22.032499313354492,2.765500539680943e-05,True,True
18,1000,pyroki,100.0,21.439552307128906,0.02700018376344815,1.4358030966832303e-05,21.439552307128906,1.4358030966832303e-05,True,True
19,1000,pyroki,100.0,20.252227783203125,0.029162090868339874,1.7520384062663652e-05,20.252227783203125,1.7520384062663652e-05,True,True
20,1000,pyroki,100.0,21.99411392211914,0.011187993550265674,1.1880228157679085e-05,21.99411392211914,1.1880228157679085e-05,True,True
21,1000,pyroki,100.0,20.91503143310547,0.018644086594576947,2.138056152034551e-05,20.91503143310547,2.138056152034551e-05,True,True
22,1000,pyroki,100.0,19.834518432617188,0.029644803362316452,1.9772911400650628e-05,19.834518432617188,1.9772911400650628e-05,True,True
23,1000,pyroki,100.0,20.39051055908203,0.01152444656327134,1.4696019206894562e-05,20.39051055908203,1.4696019206894562e-05,True,True
24,1000,pyroki,100.0,20.70140838623047,0.010250612831441686,1.783751940820366e-05,20.70140838623047,1.783751940820366e-05,True,True
25,1000,pyroki,100.0,20.16472816467285,0.01539268487249501,2.459483584971167e-05,20.16472816467285,2.459483584971167e-05,True,True
26,1000,pyroki,100.0,19.476890563964844,0.011156193977512885,1.2174530638731085e-05,19.476890563964844,1.2174530638731085e-05,True,True
27,1000,pyroki,100.0,20.136117935180664,0.04125526538700797,6.511899118777364e-05,20.136117935180664,6.511899118777364e-05,True,True
28,1000,pyroki,100.0,19.60897445678711,0.005873571808479028,7.3849078034982085e-06,19.60897445678711,7.3849078034982085e-06,True,True
29,1000,pyroki,100.0,22.176504135131836,0.001651005618441559,7.644662218808662e-07,22.176504135131836,7.644662218808662e-07,True,True
30,1000,pyroki,100.0,20.850658416748047,0.024155076971510425,2.397005846432876e-05,20.850658416748047,2.397005846432876e-05,True,True
31,1000,pyroki,100.0,21.576881408691406,0.0537582382094115,5.671233157045208e-05,21.576881408691406,5.671233157045208e-05,True,True
32,1000,pyroki,100.0,20.665645599365234,0.005326701284502633,1.1940723197767511e-05,20.665645599365234,1.1940723197767511e-05,True,True
33,1000,pyroki,100.0,21.83985710144043,0.01706479633867275,1.4520393051498104e-05,21.83985710144043,1.4520393051498104e-05,True,True
34,1000,pyroki,100.0,21.51179313659668,0.001430821839676355,1.5220063005472184e-06,21.51179313659668,1.5220063005472184e-06,True,True
35,1000,pyroki,100.0,21.244287490844727,0.02126061554008629,4.598629311658442e-05,21.244287490844727,4.598629311658442e-05,True,True
36,1000,pyroki,100.0,20.349740982055664,0.0018835091850633034,2.1958192064630566e-06,20.349740982055664,2.1958192064630566e-06,True,True
37,1000,pyroki,100.0,21.31199836730957,0.002423469595669303,2.798433570205816e-06,21.31199836730957,2.798433570205816e-06,True,True
38,1000,pyroki,100.0,20.845890045166016,0.02776950532279443,4.174075002083555e-05,20.845890045166016,4.174075002083555e-05,True,True
39,1000,pyroki,100.0,21.1489200592041,0.001270449615731195,9.364417223878263e-07,21.1489200592041,9.364417223878263e-07,True,True
40,1000,pyroki,100.0,21.14391326904297,0.0009099474596041546,1.598594280949328e-06,21.14391326904297,1.598594280949328e-06,True,True
41,1000,pyroki,100.0,21.65389060974121,0.010731070688052569,9.059048352355603e-06,21.65389060974121,9.059048352355603e-06,True,True
42,1000,pyroki,100.0,19.849538803100586,0.0018758898931992007,2.361070528422715e-06,19.849538803100586,2.361070528422715e-06,True,True
43,1000,pyroki,100.0,20.804643630981445,0.00034305048757232726,6.930549716344103e-07,20.804643630981445,6.930549716344103e-07,True,True
44,1000,pyroki,100.0,20.956993103027344,0.02218538247689139,1.8140979591407813e-05,20.956993103027344,1.8140979591407813e-05,True,True
45,1000,pyroki,100.0,21.03281021118164,0.0002846862798833172,1.064212142409815e-06,21.03281021118164,1.064212142409815e-06,True,True
46,1000,pyroki,100.0,21.045923233032227,0.0009951477295544464,1.992764509850531e-06,21.045923233032227,1.992764509850531e-06,True,True
47,1000,pyroki,100.0,20.004749298095703,0.032555202778894454,2.8852475224994123e-05,20.004749298095703,2.8852475224994123e-05,True,True
48,1000,pyroki,100.0,21.303415298461914,0.0006111712309575523,9.973922487915843e-07,21.303415298461914,9.973922487915843e-07,True,True
49,1000,pyroki,100.0,21.23403549194336,0.00033504838370390644,1.6577799897277146e-06,21.23403549194336,1.6577799897277146e-06,True,True
50,1000,pyroki,100.0,21.1336612701416,0.01430154406989459,1.1778184671129566e-05,21.1336612701416,1.1778184671129566e-05,True,True
51,1000,pyroki,100.0,20.206928253173828,0.0031120246148930164,2.290868224008591e-06,20.206928253173828,2.290868224008591e-06,True,True
52,1000,pyroki,100.0,19.325971603393555,0.01574754605826456,1.0495750757399946e-05,19.325971603393555,1.0495750757399946e-05,True,True
53,1000,pyroki,100.0,19.463777542114258,0.015092817193362862,1.800192148948554e-05,19.463777542114258,1.800192148948554e-05,True,True
54,1000,pyroki,100.0,20.550966262817383,0.011785678907472175,8.227632861235179e-06,20.550966262817383,8.227632861235179e-06,True,True
55,1000,pyroki,100.0,19.971370697021484,0.014857772839604877,1.595901630935259e-05,19.971370697021484,1.595901630935259e-05,True,True
56,1000,pyroki,100.0,20.877838134765625,0.010352203389629722,3.302495679236017e-05,20.877838134765625,3.302495679236017e-05,True,True
57,1000,pyroki,100.0,19.88983154296875,0.004765064204548253,5.991975740471389e-06,19.88983154296875,5.991975740471389e-06,True,True
58,1000,pyroki,100.0,20.255565643310547,0.0023684879124630243,3.7077784327266272e-06,20.255565643310547,3.7077784327266272e-06,True,True
59,1000,pyroki,100.0,21.090030670166016,0.0031720928745926358,6.666489298368106e-06,21.090030670166016,6.666489298368106e-06,True,True
60,1000,pyroki,100.0,21.11029624938965,0.0008545786727154336,1.3752649010712048e-06,21.11029624938965,1.3752649010712048e-06,True,True
61,1000,pyroki,100.0,20.971298217773438,0.010793842193379533,3.162770326525788e-06,20.971298217773438,3.162770326525788e-06,True,True
62,1000,pyroki,100.0,21.708965301513672,0.0007428569119838357,7.633935297235439e-07,21.708965301513672,7.633935297235439e-07,True,True
63,1000,pyroki,100.0,19.438743591308594,0.0015591485862387344,9.653324468672508e-07,19.438743591308594,9.653324468672508e-07,True,True
64,1000,pyroki,100.0,20.80368995666504,0.000293518837679585,9.921460559780826e-07,20.80368995666504,9.921460559780826e-07,True,True
65,1000,pyroki,100.0,19.9277400970459,0.005964486263110302,3.0030043944861973e-06,19.9277400970459,3.0030043944861973e-06,True,True
66,1000,pyroki,100.0,19.025802612304688,0.009333421985502355,9.934577974490821e-06,19.025802612304688,9.934577974490821e-06,True,True
67,1000,pyroki,100.0,19.49477195739746,0.022157626517582685,5.466765651362948e-05,19.49477195739746,5.466765651362948e-05,True,True
68,1000,pyroki,100.0,20.910978317260742,0.047957742935977876,5.5094609706429765e-05,20.910978317260742,5.5094609706429765e-05,True,True
69,1000,pyroki,100.0,20.10941505432129,0.02700870027183555,9.935548405337613e-06,20.10941505432129,9.935548405337613e-06,True,True
70,1000,pyroki,100.0,19.595861434936523,0.007836824806872755,7.692408871662337e-06,19.595861434936523,7.692408871662337e-06,True,True
71,1000,pyroki,100.0,20.235300064086914,0.008728061402507592,1.5200163034023717e-05,20.235300064086914,1.5200163034023717e-05,True,True
72,1000,pyroki,100.0,20.227432250976562,0.01321726267633494,1.3680620213563088e-05,20.227432250976562,1.3680620213563088e-05,True,True
73,1000,pyroki,100.0,21.206378936767578,0.00018751065056221705,7.595709234919923e-07,21.206378936767578,7.595709234919923e-07,True,True
74,1000,pyroki,100.0,21.059274673461914,0.0014667617733721272,1.384745814902999e-06,21.059274673461914,1.384745814902999e-06,True,True
75,1000,pyroki,100.0,20.56431770324707,0.001295629999731318,2.9768825697829016e-06,20.56431770324707,2.9768825697829016e-06,True,True
76,1000,pyroki,100.0,21.160125732421875,0.0013517418437913875,2.630649760249071e-06,21.160125732421875,2.630649760249071e-06,True,True
77,1000,pyroki,100.0,19.06442642211914,0.013993523680255748,1.0934190868283622e-05,19.06442642211914,1.0934190868283622e-05,True,True
78,1000,pyroki,100.0,20.4620361328125,0.01676245483395178,1.599564347998239e-05,20.4620361328125,1.599564347998239e-05,True,True
79,1000,pyroki,100.0,19.548892974853516,0.0214010760828387,1.7809887140174396e-05,19.548892974853516,1.7809887140174396e-05,True,True
80,1000,pyroki,100.0,21.192312240600586,0.005801586667075753,5.831751423102105e-06,21.192312240600586,5.831751423102105e-06,True,True
81,1000,pyroki,100.0,19.933700561523438,0.0008963020832197799,1.0271212431689491e-06,19.933700561523438,1.0271212431689491e-06,True,True
82,1000,pyroki,100.0,20.917415618896484,0.0017434209667044342,2.6336419978179038e-06,20.917415618896484,2.6336419978179038e-06,True,True
83,1000,pyroki,100.0,21.925926208496094,0.01073169187293388,1.1362763871147763e-05,21.925926208496094,1.1362763871147763e-05,True,True
84,1000,pyroki,100.0,20.59340476989746,8.56006536764653e-05,9.947445960278856e-07,20.59340476989746,9.947445960278856e-07,True,True
85,1000,pyroki,100.0,21.2399959564209,0.0001687519528559278,1.1172407994308742e-06,21.2399959564209,1.1172407994308742e-06,True,True
86,1000,pyroki,100.0,20.993709564208984,0.0017458698948757956,1.4957529401726788e-06,20.993709564208984,1.4957529401726788e-06,True,True
87,1000,pyroki,100.0,19.047021865844727,0.006303314421529649,6.418883913283935e-06,19.047021865844727,6.418883913283935e-06,True,True
88,1000,pyroki,100.0,20.2944278717041,0.021147188817849383,1.0030998055299278e-05,20.2944278717041,1.0030998055299278e-05,True,True
89,1000,pyroki,100.0,20.251989364624023,0.001819467797758989,2.4825333184708143e-06,20.251989364624023,2.4825333184708143e-06,True,True
90,1000,pyroki,100.0,20.686626434326172,0.0002499157005786401,1.084031737264013e-06,20.686626434326172,1.084031737264013e-06,True,True
91,1000,pyroki,100.0,20.151853561401367,0.003858796389977215,5.516315468412358e-06,20.151853561401367,5.516315468412358e-06,True,True
92,1000,pyroki,100.0,20.656585693359375,0.008491334483551327,7.2227203418151475e-06,20.656585693359375,7.2227203418151475e-06,True,True
93,1000,pyroki,100.0,22.345304489135742,0.0017672331296125776,1.4995171113696415e-06,22.345304489135742,1.4995171113696415e-06,True,True
94,1000,pyroki,100.0,19.437074661254883,0.006309370746748755,5.973480710963486e-06,19.437074661254883,5.973480710963486e-06,True,True
95,1000,pyroki,100.0,20.32947540283203,0.014738777281309012,1.2450882422854193e-05,20.32947540283203,1.2450882422854193e-05,True,True
96,1000,pyroki,100.0,20.96271514892578,2.107342389479072e-05,6.555659410878434e-07,20.96271514892578,6.555659410878434e-07,True,True
97,1000,pyroki,100.0,21.03137969970703,0.005444452654046472,3.7975985378579935e-06,21.03137969970703,3.7975985378579935e-06,True,True
98,1000,pyroki,100.0,21.16537094116211,0.008640316991659347,6.7975561250932515e-06,21.16537094116211,6.7975561250932515e-06,True,True
99,1000,pyroki,100.0,20.497560501098633,0.009511707503406797,8.401511877309531e-06,20.497560501098633,8.401511877309531e-06,True,True
0,2000,pyroki,100.0,28.708219528198242,0.008574631465307903,6.3938159655663185e-06,28.708219528198242,6.3938159655663185e-06,True,True
1,2000,pyroki,100.0,30.216693878173828,0.02636731369420886,1.2730187336273957e-05,30.216693878173828,1.2730187336273957e-05,True,True
2,2000,pyroki,100.0,30.234336853027344,0.012560785762616433,8.426070053246804e-06,30.234336853027344,8.426070053246804e-06,True,True
3,2000,pyroki,100.0,28.746843338012695,0.0008092030157058616,1.0509825187909883e-06,28.746843338012695,1.0509825187909883e-06,True,True
4,2000,pyroki,100.0,29.905319213867188,0.00018128045553567063,1.1126001027150778e-06,29.905319213867188,1.1126001027150778e-06,True,True
5,2000,pyroki,100.0,29.366493225097656,0.03456084959907457,3.768376336665824e-05,29.366493225097656,3.768376336665824e-05,True,True
6,2000,pyroki,100.0,28.69701385498047,0.009117026820604224,1.4985916095611174e-05,28.69701385498047,1.4985916095611174e-05,True,True
7,2000,pyroki,100.0,30.183792114257812,0.0017556199054524768,2.407440206297906e-06,30.183792114257812,2.407440206297906e-06,True,True
8,2000,pyroki,100.0,28.671741485595703,0.004987327429262223,5.570068424276542e-06,28.671741485595703,5.570068424276542e-06,True,True
9,2000,pyroki,100.0,29.805421829223633,0.0004791597802977776,1.246653710040846e-06,29.805421829223633,1.246653710040846e-06,True,True
10,2000,pyroki,100.0,28.220415115356445,0.03010615000675898,4.562367030302994e-05,28.220415115356445,4.562367030302994e-05,True,True
11,2000,pyroki,100.0,29.71673011779785,0.015166509911068715,1.657908796914853e-05,29.71673011779785,1.657908796914853e-05,True,True
12,2000,pyroki,100.0,29.276609420776367,0.023083610358298756,1.668354707362596e-05,29.276609420776367,1.668354707362596e-05,True,True
13,2000,pyroki,100.0,29.133319854736328,0.0006764864792785374,1.132460852204531e-06,29.133319854736328,1.132460852204531e-06,True,True
14,2000,pyroki,100.0,29.66928482055664,0.0010379865216236794,1.9291985609015683e-06,29.66928482055664,1.9291985609015683e-06,True,True
15,2000,pyroki,100.0,29.729843139648438,0.0004674311639973894,8.621813094578101e-07,29.729843139648438,8.621813094578101e-07,True,True
16,2000,pyroki,100.0,28.209447860717773,0.0012762911865138449,2.546739096942474e-06,28.209447860717773,2.546739096942474e-06,True,True
17,2000,pyroki,100.0,29.260635375976562,0.024464916350552812,2.765500539680943e-05,29.260635375976562,2.765500539680943e-05,True,True
18,2000,pyroki,100.0,28.413772583007812,0.02700018376344815,1.4358030966832303e-05,28.413772583007812,1.4358030966832303e-05,True,True
19,2000,pyroki,100.0,28.356552124023438,0.0031179056350083556,1.8411512883176329e-06,28.356552124023438,1.8411512883176329e-06,True,True
20,2000,pyroki,100.0,28.66506576538086,0.011187993550265674,1.1880228157679085e-05,28.66506576538086,1.1880228157679085e-05,True,True
21,2000,pyroki,100.0,29.320955276489258,0.0024802266125334427,2.7816763576993253e-06,29.320955276489258,2.7816763576993253e-06,True,True
22,2000,pyroki,100.0,29.315948486328125,0.03165236921631731,3.110983379883692e-05,29.315948486328125,3.110983379883692e-05,True,True
23,2000,pyroki,100.0,27.840375900268555,0.01152444656327134,1.4696019206894562e-05,27.840375900268555,1.4696019206894562e-05,True,True
24,2000,pyroki,100.0,28.468847274780273,0.01186773442896083,9.34311538003385e-06,28.468847274780273,9.34311538003385e-06,True,True
25,2000,pyroki,100.0,29.232263565063477,0.01539268487249501,2.459483584971167e-05,29.232263565063477,2.459483584971167e-05,True,True
26,2000,pyroki,100.0,28.498411178588867,0.011156193977512885,1.2174530638731085e-05,28.498411178588867,1.2174530638731085e-05,True,True
27,2000,pyroki,100.0,28.467655181884766,0.004409491339174565,6.0105671764176805e-06,28.467655181884766,6.0105671764176805e-06,True,True
28,2000,pyroki,100.0,29.33478355407715,0.005873571808479028,7.3849078034982085e-06,29.33478355407715,7.3849078034982085e-06,True,True
29,2000,pyroki,100.0,28.937339782714844,0.001651005618441559,7.644662218808662e-07,28.937339782714844,7.644662218808662e-07,True,True
30,2000,pyroki,100.0,29.51812744140625,0.001871623794613697,2.697487389013986e-06,29.51812744140625,2.697487389013986e-06,True,True
31,2000,pyroki,100.0,29.46615219116211,0.01144905763794668,1.5831710697966628e-05,29.46615219116211,1.5831710697966628e-05,True,True
32,2000,pyroki,100.0,28.38730812072754,0.0010041436553365202,1.3970776535643381e-06,28.38730812072754,1.3970776535643381e-06,True,True
33,2000,pyroki,100.0,28.72943878173828,0.01706479633867275,1.4520393051498104e-05,28.72943878173828,1.4520393051498104e-05,True,True
34,2000,pyroki,100.0,29.545307159423828,0.001430821839676355,1.5220063005472184e-06,29.545307159423828,1.5220063005472184e-06,True,True
35,2000,pyroki,100.0,28.093338012695312,0.0037490563045139425,4.0974105104396585e-06,28.093338012695312,4.0974105104396585e-06,True,True
36,2000,pyroki,100.0,28.873920440673828,0.025582656235201284,7.007521162449848e-06,28.873920440673828,7.007521162449848e-06,True,True
37,2000,pyroki,100.0,28.113126754760742,0.011316370546410326,8.571111720812041e-06,28.113126754760742,8.571111720812041e-06,True,True
38,2000,pyroki,100.0,28.839826583862305,0.0009943175882654032,3.3665050978015643e-06,28.839826583862305,3.3665050978015643e-06,True,True
39,2000,pyroki,100.0,29.982805252075195,0.001270449615731195,9.364417223878263e-07,29.982805252075195,9.364417223878263e-07,True,True
40,2000,pyroki,100.0,28.676986694335938,0.000862209560636984,1.2040354704367928e-06,28.676986694335938,1.2040354704367928e-06,True,True
41,2000,pyroki,100.0,29.906272888183594,0.010731070688052569,9.059048352355603e-06,29.906272888183594,9.059048352355603e-06,True,True
42,2000,pyroki,100.0,28.979778289794922,0.009066581696970388,1.2617922948265914e-05,28.979778289794922,1.2617922948265914e-05,True,True
43,2000,pyroki,100.0,29.302120208740234,0.00026697625798988156,1.0212713732471457e-06,29.302120208740234,1.0212713732471457e-06,True,True
44,2000,pyroki,100.0,29.715776443481445,0.04381503094919026,3.8501195376738906e-05,29.715776443481445,3.8501195376738906e-05,True,True
45,2000,pyroki,100.0,29.828786849975586,0.0002846862798833172,1.064212142409815e-06,29.828786849975586,1.064212142409815e-06,True,True
46,2000,pyroki,100.0,29.68573570251465,0.0009951477295544464,1.992764509850531e-06,29.68573570251465,1.992764509850531e-06,True,True
47,2000,pyroki,100.0,29.778480529785156,0.011264144632150419,5.940442406426882e-06,29.778480529785156,5.940442406426882e-06,True,True
48,2000,pyroki,100.0,29.342174530029297,0.013806443348585162,1.2254104149178602e-05,29.342174530029297,1.2254104149178602e-05,True,True
49,2000,pyroki,100.0,29.161453247070312,0.005634746685245773,9.685250915936194e-06,29.161453247070312,9.685250915936194e-06,True,True
50,2000,pyroki,100.0,30.292510986328125,6.869095869888042e-05,1.0085574331242242e-06,30.292510986328125,1.0085574331242242e-06,True,True
51,2000,pyroki,100.0,28.23162078857422,0.0031120246148930164,2.290868224008591e-06,28.23162078857422,2.290868224008591e-06,True,True
52,2000,pyroki,100.0,28.49721908569336,0.01574754605826456,1.0495750757399946e-05,28.49721908569336,1.0495750757399946e-05,True,True
53,2000,pyroki,100.0,28.755903244018555,0.021728406863985583,2.7721696824301034e-05,28.755903244018555,2.7721696824301034e-05,True,True
54,2000,pyroki,100.0,29.509544372558594,0.011785678907472175,8.227632861235179e-06,29.509544372558594,8.227632861235179e-06,True,True
55,2000,pyroki,100.0,29.23417091369629,0.014857772839604877,1.595901630935259e-05,29.23417091369629,1.595901630935259e-05,True,True
56,2000,pyroki,100.0,29.575347900390625,0.009148900062427856,1.8427537725074217e-05,29.575347900390625,1.8427537725074217e-05,True,True
57,2000,pyroki,100.0,27.754545211791992,0.004765064204548253,5.991975740471389e-06,27.754545211791992,5.991975740471389e-06,True,True
58,2000,pyroki,100.0,29.831409454345703,0.03935749191441573,3.343815478729084e-05,29.831409454345703,3.343815478729084e-05,True,True
59,2000,pyroki,100.0,27.940988540649414,0.0031720928745926358,6.666489298368106e-06,27.940988540649414,6.666489298368106e-06,True,True
60,2000,pyroki,100.0,29.337406158447266,0.004054238615935901,2.0933384803356603e-06,29.337406158447266,2.0933384803356603e-06,True,True
61,2000,pyroki,100.0,28.609752655029297,0.019416898794588633,2.208000296377577e-05,28.609752655029297,2.208000296377577e-05,True,True
62,2000,pyroki,100.0,29.511451721191406,0.012394848454277962,1.1679173439915758e-05,29.511451721191406,1.1679173439915758e-05,True,True
63,2000,pyroki,100.0,27.65965461730957,0.02177108581236098,2.1288566131261177e-05,27.65965461730957,2.1288566131261177e-05,True,True
64,2000,pyroki,100.0,28.482675552368164,0.008746308594709262,7.558384822914377e-06,28.482675552368164,7.558384822914377e-06,True,True
65,2000,pyroki,100.0,30.04765510559082,0.012464391147659626,1.2428643458406441e-05,30.04765510559082,1.2428643458406441e-05,True,True
66,2000,pyroki,100.0,28.66387367248535,0.009333421985502355,9.934577974490821e-06,28.66387367248535,9.934577974490821e-06,True,True
67,2000,pyroki,100.0,27.514934539794922,0.006552750619448489,9.72955058387015e-06,27.514934539794922,9.72955058387015e-06,True,True
68,2000,pyroki,100.0,29.719829559326172,0.004301999069866724,8.231281753978692e-06,29.719829559326172,8.231281753978692e-06,True,True
69,2000,pyroki,100.0,29.23750877380371,0.0020453167053346988,2.4221549210778903e-06,29.23750877380371,2.4221549210778903e-06,True,True
70,2000,pyroki,100.0,29.268503189086914,0.008056586011662148,1.0028483302448876e-05,29.268503189086914,1.0028483302448876e-05,True,True
71,2000,pyroki,100.0,29.27994728088379,0.010815163477673195,1.4162219486024696e-05,29.27994728088379,1.4162219486024696e-05,True,True
72,2000,pyroki,100.0,28.517723083496094,0.008339806299773045,1.283504934690427e-05,28.517723083496094,1.283504934690427e-05,True,True
73,2000,pyroki,100.0,28.404951095581055,0.005348718332243152,4.975357569492189e-06,28.404951095581055,4.975357569492189e-06,True,True
74,2000,pyroki,100.0,28.061628341674805,0.0012532266282505589,1.2571615570777794e-06,28.061628341674805,1.2571615570777794e-06,True,True
75,2000,pyroki,100.0,29.709339141845703,0.001295629999731318,2.9768825697829016e-06,29.709339141845703,2.9768825697829016e-06,True,True
76,2000,pyroki,100.0,29.64639663696289,0.028017635486321524,3.57438184437342e-05,29.64639663696289,3.57438184437342e-05,True,True
77,2000,pyroki,100.0,29.2360782623291,0.00027069302177551435,9.410424013367447e-07,29.2360782623291,9.410424013367447e-07,True,True
78,2000,pyroki,100.0,30.248641967773438,0.01676245483395178,1.599564347998239e-05,30.248641967773438,1.599564347998239e-05,True,True
79,2000,pyroki,100.0,29.297590255737305,0.0214010760828387,1.7809887140174396e-05,29.297590255737305,1.7809887140174396e-05,True,True
80,2000,pyroki,100.0,28.012752532958984,0.005801586667075753,5.831751423102105e-06,28.012752532958984,5.831751423102105e-06,True,True
81,2000,pyroki,100.0,30.019521713256836,0.0008963020832197799,1.0271212431689491e-06,30.019521713256836,1.0271212431689491e-06,True,True
82,2000,pyroki,100.0,28.311491012573242,0.0017434209667044342,2.6336419978179038e-06,28.311491012573242,2.6336419978179038e-06,True,True
83,2000,pyroki,100.0,28.88178825378418,0.00591416574025061,4.466113296075491e-06,28.88178825378418,4.466113296075491e-06,True,True
84,2000,pyroki,100.0,29.198646545410156,0.01043814336298965,8.617527782917023e-06,29.198646545410156,8.617527782917023e-06,True,True
85,2000,pyroki,100.0,29.282569885253906,0.012952763427165337,2.968749322462827e-05,29.282569885253906,2.968749322462827e-05,True,True
86,2000,pyroki,100.0,29.216766357421875,0.004438509677129332,1.1393089152988978e-05,29.216766357421875,1.1393089152988978e-05,True,True
87,2000,pyroki,100.0,29.335498809814453,0.006303314421529649,6.418883913283935e-06,29.335498809814453,6.418883913283935e-06,True,True
88,2000,pyroki,100.0,30.137062072753906,0.021147188817849383,1.0030998055299278e-05,30.137062072753906,1.0030998055299278e-05,True,True
89,2000,pyroki,100.0,28.14793586730957,0.017506099538877606,4.469127088668756e-05,28.14793586730957,4.469127088668756e-05,True,True
90,2000,pyroki,100.0,28.21040153503418,0.0002499157005786401,1.084031737264013e-06,28.21040153503418,1.084031737264013e-06,True,True
91,2000,pyroki,100.0,29.341459274291992,8.940696716308594e-05,8.817351613288338e-07,29.341459274291992,8.817351613288338e-07,True,True
92,2000,pyroki,100.0,29.255390167236328,0.008491334483551327,7.2227203418151475e-06,29.255390167236328,7.2227203418151475e-06,True,True
93,2000,pyroki,100.0,28.779029846191406,0.000132496793980863,1.1182518164787325e-06,28.779029846191406,1.1182518164787325e-06,True,True
94,2000,pyroki,100.0,29.055356979370117,0.006309370746748755,5.973480710963486e-06,29.055356979370117,5.973480710963486e-06,True,True
95,2000,pyroki,100.0,28.951644897460938,0.014738777281309012,1.2450882422854193e-05,28.951644897460938,1.2450882422854193e-05,True,True
96,2000,pyroki,100.0,29.480695724487305,0.017335380107397214,1.9606188288889825e-05,29.480695724487305,1.9606188288889825e-05,True,True
97,2000,pyroki,100.0,29.712438583374023,0.022447782612289302,7.067852493491955e-06,29.712438583374023,7.067852493491955e-06,True,True
98,2000,pyroki,100.0,28.31578254699707,0.008640316991659347,6.7975561250932515e-06,28.31578254699707,6.7975561250932515e-06,True,True
99,2000,pyroki,100.0,29.636859893798828,0.00025334713882330107,7.04098965798039e-07,29.636859893798828,7.04098965798039e-07,True,True
