problem_idx,Batch-Size,solver,succ(%),IK-time(ms),Pos-Error(mm),Ori-Error,curobo-time(ms),curobo-ori-err(rad),collision_free,success_both
0,1,curobo,0.0,639.7953033447266,36.12281382083893,0.135379821062088,639.7953033447266,0.135379821062088,False,False
1,1,curobo,100.0,2.245664596557617,1.292648259550333,0.0013811629032716155,2.245664596557617,0.0013811629032716155,True,True
2,1,curobo,100.0,2.076864242553711,8.720680710894158e-05,9.393215094632978e-08,2.076864242553711,9.393215094632978e-08,True,True
3,1,curobo,100.0,2.073049545288086,4.214684778958144e-05,1.2469611476717546e-07,2.073049545288086,1.2469611476717546e-07,True,True
4,1,curobo,100.0,2.080678939819336,0.21386095613706857,0.00027906682225875556,2.080678939819336,0.00027906682225875556,True,True
5,1,curobo,100.0,2.0585060119628906,0.00010745380052412656,1.5325460367421329e-07,2.0585060119628906,1.5325460367421329e-07,True,True
6,1,curobo,100.0,2.0513534545898438,7.300048565639372e-05,1.2128414539347432e-07,2.0513534545898438,1.2128414539347432e-07,True,True
7,1,curobo,100.0,9.050846099853516,0.33725082175806165,0.001988789765164256,9.050846099853516,0.001988789765164256,True,True
8,1,curobo,100.0,2.151966094970703,3.130188910290599,0.0034085174556821585,2.151966094970703,0.0034085174556821585,True,True
9,1,curobo,100.0,2.1169185638427734,1.4901161193847656e-05,6.305653954541413e-08,2.1169185638427734,6.305653954541413e-08,True,True
10,1,curobo,100.0,2.122640609741211,0.00010490512636351923,1.779904010845712e-07,2.122640609741211,1.779904010845712e-07,True,True
11,1,curobo,100.0,2.1331310272216797,8.024520781191313e-05,2.6553720999800134e-07,2.1331310272216797,2.6553720999800134e-07,True,True
12,1,curobo,100.0,2.127408981323242,0.00020212918627748877,1.7895460757699766e-07,2.127408981323242,1.7895460757699766e-07,True,True
13,1,curobo,100.0,2.111196517944336,8.462232869987929e-05,9.608142192973901e-08,2.111196517944336,9.608142192973901e-08,True,True
14,1,curobo,0.0,8.552312850952148,0.4154776397626847,0.0003271263267379254,8.552312850952148,0.0003271263267379254,False,False
15,1,curobo,100.0,2.0596981048583984,7.300048565639372e-05,8.412765595267047e-08,2.0596981048583984,8.412765595267047e-08,True,True
16,1,curobo,100.0,2.0792484283447266,8.429369557916289e-05,4.437870870788174e-08,2.0792484283447266,4.437870870788174e-08,True,True
17,1,curobo,100.0,2.0627975463867188,6.705522537231445e-05,1.273010781233097e-07,2.0627975463867188,1.273010781233097e-07,True,True
18,1,curobo,100.0,2.0751953125,0.7578637450933456,0.0008840301888994873,2.0751953125,0.0008840301888994873,True,True
19,1,curobo,100.0,2.0608901977539062,6.705522537231445e-05,1.6960001403276692e-07,2.0608901977539062,1.6960001403276692e-07,True,True
20,1,curobo,100.0,2.088308334350586,0.0001079410480997467,4.656206797903906e-08,2.088308334350586,4.656206797903906e-08,True,True
21,1,curobo,100.0,2.0592212677001953,6.664001972467304e-05,1.0651839232878046e-07,2.0592212677001953,1.0651839232878046e-07,True,True
22,1,curobo,100.0,2.062082290649414,6.664001972467304e-05,1.226708121748743e-07,2.062082290649414,1.226708121748743e-07,True,True
23,1,curobo,0.0,8.700847625732422,195.03258168697357,0.3024737238883972,8.700847625732422,0.3024737238883972,True,False
24,1,curobo,100.0,2.047300338745117,6.664001972467304e-05,1.1083451312288162e-07,2.047300338745117,1.1083451312288162e-07,True,True
25,1,curobo,100.0,2.061128616333008,6.143906006172983e-05,2.1485739409854432e-07,2.061128616333008,2.1485739409854432e-07,True,True
26,1,curobo,0.0,8.678197860717773,28.967415913939476,0.2819204032421112,8.678197860717773,0.2819204032421112,True,False
27,1,curobo,100.0,2.1114349365234375,8.024520781191313e-05,2.546838402395224e-07,2.1114349365234375,2.546838402395224e-07,True,True
28,1,curobo,100.0,2.132892608642578,5.972094641037984e-05,9.384294941128246e-08,2.132892608642578,9.384294941128246e-08,True,True
29,1,curobo,100.0,2.1233558654785156,6.828570064953965e-05,1.6087814458387584e-07,2.1233558654785156,1.6087814458387584e-07,True,True
30,1,curobo,100.0,2.1219253540039062,0.00012644053981603065,1.6633131849630445e-07,2.1219253540039062,1.6633131849630445e-07,True,True
31,1,curobo,100.0,2.115011215209961,8.940696716308594e-05,1.7280129327446048e-07,2.115011215209961,1.7280129327446048e-07,True,True
32,1,curobo,100.0,2.1338462829589844,0.00012561466178340197,1.2344888489224104e-07,2.1338462829589844,1.2344888489224104e-07,True,True
33,1,curobo,100.0,8.612394332885742,1.4873569598421454,0.0195030365139246,8.612394332885742,0.0195030365139246,True,True
34,1,curobo,100.0,2.1126270294189453,7.300048565639372e-05,7.213324693111645e-08,2.1126270294189453,7.213324693111645e-08,True,True
35,1,curobo,100.0,2.122163772583008,6.705522537231445e-05,1.7359398896132916e-07,2.122163772583008,1.7359398896132916e-07,True,True
36,1,curobo,100.0,2.1321773529052734,5.9604644775390625e-05,4.17088052984127e-08,2.1321773529052734,4.17088052984127e-08,True,True
37,1,curobo,100.0,2.1195411682128906,6.143906006172983e-05,1.1443950143075199e-07,2.1195411682128906,1.1443950143075199e-07,True,True
38,1,curobo,100.0,8.727788925170898,0.00010745380052412656,1.3923572623752989e-06,8.727788925170898,1.3923572623752989e-06,True,True
39,1,curobo,100.0,2.1338462829589844,9.541398782175747e-05,1.540250735843074e-07,2.1338462829589844,1.540250735843074e-07,True,True
40,1,curobo,100.0,2.107381820678711,0.0,8.36412183957691e-08,2.107381820678711,8.36412183957691e-08,True,True
41,1,curobo,100.0,2.124786376953125,0.0074191175372106954,6.471173946920317e-06,2.124786376953125,6.471173946920317e-06,True,True
42,1,curobo,100.0,2.123594284057617,0.27586350915953517,0.0001976404746528715,2.123594284057617,0.0001976404746528715,True,True
43,1,curobo,100.0,2.119779586791992,0.00012287812012345967,1.3940159249159478e-07,2.119779586791992,1.3940159249159478e-07,False,False
44,1,curobo,0.0,8.724689483642578,32.77425467967987,0.13898813724517822,8.724689483642578,0.13898813724517822,False,False
45,1,curobo,100.0,2.1309852600097656,0.015196123968053143,1.557010182295926e-05,2.1309852600097656,1.557010182295926e-05,True,True
46,1,curobo,100.0,2.1162033081054688,0.00019144512464208674,1.5468920366856764e-07,2.1162033081054688,1.5468920366856764e-07,True,True
47,1,curobo,100.0,2.1359920501708984,0.00012377833513710357,1.6192625196254085e-07,2.1359920501708984,1.6192625196254085e-07,True,True
48,1,curobo,100.0,2.1064281463623047,7.028863535651908e-05,1.2534225390936626e-07,2.1064281463623047,1.2534225390936626e-07,True,True
49,1,curobo,100.0,2.1102428436279297,0.0003223614157832344,1.4436285766805668e-07,2.1102428436279297,1.4436285766805668e-07,True,True
50,1,curobo,100.0,2.134561538696289,6.664001972467304e-05,1.4129162195786193e-07,2.134561538696289,1.4129162195786193e-07,True,True
51,1,curobo,0.0,8.61811637878418,191.29228591918945,0.38561344146728516,8.61811637878418,0.38561344146728516,True,False
52,1,curobo,100.0,2.062559127807617,6.828570064953965e-05,5.1633293196573504e-08,2.062559127807617,5.1633293196573504e-08,True,True
53,1,curobo,0.0,8.412361145019531,45.86857557296753,0.24576130509376526,8.412361145019531,0.24576130509376526,False,False
54,1,curobo,0.0,8.472919464111328,192.86683201789856,0.3996242880821228,8.472919464111328,0.3996242880821228,True,False
55,1,curobo,0.0,8.465766906738281,186.59304082393646,0.3250609338283539,8.465766906738281,0.3250609338283539,True,False
56,1,curobo,100.0,2.0694732666015625,8.97168703772877e-05,1.7241396221834293e-07,2.0694732666015625,1.7241396221834293e-07,True,True
57,1,curobo,100.0,2.0613670349121094,8.462232869987929e-05,1.4768018274935457e-07,2.0613670349121094,1.4768018274935457e-07,True,True
58,1,curobo,100.0,2.053976058959961,0.21007521718274802,0.00017689661763142794,2.053976058959961,0.00017689661763142794,True,True
59,1,curobo,100.0,2.071857452392578,0.0001077117914860537,3.5530757713786443e-07,2.071857452392578,3.5530757713786443e-07,True,True
60,1,curobo,100.0,2.0737648010253906,0.3142324567306787,0.0002643414482008666,2.0737648010253906,0.0002643414482008666,True,True
61,1,curobo,100.0,2.065896987915039,6.664001972467304e-05,1.3862613457149564e-07,2.065896987915039,1.3862613457149564e-07,True,True
62,1,curobo,100.0,2.051115036010742,0.00018265322410115914,1.534604621156177e-07,2.051115036010742,1.534604621156177e-07,True,True
63,1,curobo,100.0,2.061605453491211,0.0,9.266112499517476e-08,2.061605453491211,9.266112499517476e-08,True,True
64,1,curobo,100.0,2.0754337310791016,1.4901161193847656e-05,2.072515599138569e-07,2.0754337310791016,2.072515599138569e-07,True,True
65,1,curobo,0.0,8.428573608398438,104.69786077737808,0.19594739377498627,8.428573608398438,0.19594739377498627,False,False
66,1,curobo,100.0,8.275032043457031,8.024520781191313e-05,9.877157935989089e-08,8.275032043457031,9.877157935989089e-08,True,True
67,1,curobo,100.0,2.0568370819091797,3.252969804634631e-05,1.884029643406393e-07,2.0568370819091797,1.884029643406393e-07,True,True
68,1,curobo,100.0,2.068042755126953,4.214684778958144e-05,2.5764111910575593e-07,2.068042755126953,2.5764111910575593e-07,True,True
69,1,curobo,100.0,8.40306282043457,5.9604644775390625e-05,1.5100290795544424e-07,8.40306282043457,1.5100290795544424e-07,True,True
70,1,curobo,100.0,2.0551681518554688,0.0005448611091196653,2.1553952933572873e-07,2.0551681518554688,2.1553952933572873e-07,True,True
71,1,curobo,100.0,2.0630359649658203,0.00016858739115832577,1.7705087884678505e-07,2.0630359649658203,1.7705087884678505e-07,True,True
72,1,curobo,100.0,2.0520687103271484,9.541398782175747e-05,9.790314692281754e-08,2.0520687103271484,9.790314692281754e-08,True,True
73,1,curobo,100.0,2.059459686279297,8.940696716308594e-05,1.906164897036433e-07,2.059459686279297,1.906164897036433e-07,True,True
74,1,curobo,100.0,2.059459686279297,7.300048565639372e-05,2.392569058429217e-07,2.059459686279297,2.392569058429217e-07,True,True
75,1,curobo,100.0,2.0563602447509766,0.0032255420592264272,2.467480044288095e-06,2.0563602447509766,2.467480044288095e-06,True,True
76,1,curobo,100.0,2.0515918731689453,3.332000986233652e-05,1.3252123665097315e-07,2.0515918731689453,1.3252123665097315e-07,True,True
77,1,curobo,100.0,2.081155776977539,4.398678429424763,0.004141118377447128,2.081155776977539,0.004141118377447128,True,True
78,1,curobo,0.0,8.549928665161133,13.249373063445091,0.05226486921310425,8.549928665161133,0.05226486921310425,False,False
79,1,curobo,100.0,2.0570755004882812,2.261234214529395,0.0013398182345554233,2.0570755004882812,0.0013398182345554233,True,True
80,1,curobo,100.0,2.0613670349121094,2.9802322387695312e-05,1.1671628641352072e-07,2.0613670349121094,1.1671628641352072e-07,True,True
81,1,curobo,100.0,2.0623207092285156,2.60770320892334e-05,1.8592332651223842e-07,2.0623207092285156,1.8592332651223842e-07,True,True
82,1,curobo,100.0,2.0494461059570312,5.986600370988526e-05,4.015917909327982e-08,2.0494461059570312,4.015917909327982e-08,True,True
83,1,curobo,100.0,2.0384788513183594,0.0001077117914860537,6.20535658413246e-08,2.0384788513183594,6.20535658413246e-08,True,True
84,1,curobo,100.0,2.068042755126953,0.07297462434507906,7.648958853678778e-05,2.068042755126953,7.648958853678778e-05,True,True
85,1,curobo,100.0,2.0530223846435547,0.058021290897158906,4.404096762300469e-05,2.0530223846435547,4.404096762300469e-05,True,True
86,1,curobo,100.0,8.409261703491211,0.36087780608795583,0.013583007268607616,8.409261703491211,0.013583007268607616,True,True
87,1,curobo,100.0,2.0563602447509766,5.372690026206328e-05,1.1741131089593182e-07,2.0563602447509766,1.1741131089593182e-07,True,True
88,1,curobo,100.0,2.072572708129883,4.214684778958144e-05,1.935950422193855e-07,2.072572708129883,1.935950422193855e-07,True,True
89,1,curobo,100.0,2.0599365234375,0.00014028388761744282,1.8571819282442448e-07,2.0599365234375,1.8571819282442448e-07,True,True
90,1,curobo,100.0,2.0470619201660156,0.000298395519848782,8.516025928884119e-08,2.0470619201660156,8.516025928884119e-08,True,True
91,1,curobo,100.0,2.048492431640625,2.9802322387695312e-05,2.1620074619477236e-07,2.048492431640625,2.1620074619477236e-07,True,True
92,1,curobo,100.0,2.0503997802734375,2.2351741790771484e-05,4.229072203543183e-08,2.0503997802734375,4.229072203543183e-08,True,True
93,1,curobo,100.0,2.0508766174316406,0.0005511919312084501,4.445235219918686e-07,2.0508766174316406,4.445235219918686e-07,True,True
94,1,curobo,100.0,2.0644664764404297,0.06133687566034496,5.488213355420157e-05,2.0644664764404297,5.488213355420157e-05,True,True
95,1,curobo,100.0,2.053976058959961,2.607973525300622,0.0029197060503065586,2.053976058959961,0.0029197060503065586,True,True
96,1,curobo,100.0,2.05230712890625,2.9802322387695312e-05,1.4470049336523516e-07,2.05230712890625,1.4470049336523516e-07,True,True
97,1,curobo,100.0,2.046346664428711,8.940696716308594e-05,9.725265215365653e-08,2.046346664428711,9.725265215365653e-08,True,True
98,1,curobo,100.0,2.0618438720703125,2.986047320518992e-05,1.3491364825313212e-07,2.0618438720703125,1.3491364825313212e-07,True,True
99,1,curobo,0.0,8.477926254272461,197.4562257528305,0.3313565254211426,8.477926254272461,0.3313565254211426,True,False
0,10,curobo,100.0,2.117156982421875,0.0001115100829451876,8.422349395686979e-08,2.117156982421875,8.422349395686979e-08,True,True
1,10,curobo,100.0,2.12860107421875,1.292648259550333,0.0013811629032716155,2.12860107421875,0.0013811629032716155,True,True
2,10,curobo,100.0,2.1409988403320312,8.720680710894158e-05,9.393215094632978e-08,2.1409988403320312,9.393215094632978e-08,True,True
3,10,curobo,100.0,2.1491050720214844,4.214684778958144e-05,1.2469611476717546e-07,2.1491050720214844,1.2469611476717546e-07,True,True
4,10,curobo,100.0,2.168416976928711,0.21386095613706857,0.00027906682225875556,2.168416976928711,0.00027906682225875556,True,True
5,10,curobo,100.0,2.1228790283203125,0.00010745380052412656,1.5325460367421329e-07,2.1228790283203125,1.5325460367421329e-07,True,True
6,10,curobo,100.0,2.140522003173828,7.300048565639372e-05,1.2128414539347432e-07,2.140522003173828,1.2128414539347432e-07,True,True
7,10,curobo,100.0,2.156496047973633,0.016735904864617623,1.1683128832373768e-05,2.156496047973633,1.1683128832373768e-05,True,True
8,10,curobo,100.0,2.153158187866211,3.130188910290599,0.0034085174556821585,2.153158187866211,0.0034085174556821585,True,True
9,10,curobo,100.0,2.1514892578125,1.4901161193847656e-05,6.305653954541413e-08,2.1514892578125,6.305653954541413e-08,True,True
10,10,curobo,100.0,2.1276473999023438,0.00010490512636351923,1.779904010845712e-07,2.1276473999023438,1.779904010845712e-07,True,True
11,10,curobo,100.0,2.130270004272461,8.024520781191313e-05,2.6553720999800134e-07,2.130270004272461,2.6553720999800134e-07,True,True
12,10,curobo,100.0,2.1436214447021484,0.00020212918627748877,1.7895460757699766e-07,2.1436214447021484,1.7895460757699766e-07,True,True
13,10,curobo,100.0,2.145051956176758,8.462232869987929e-05,9.608142192973901e-08,2.145051956176758,9.608142192973901e-08,True,True
14,10,curobo,100.0,2.154827117919922,1.4995521632954478,0.0019577094353735447,2.154827117919922,0.0019577094353735447,True,True
15,10,curobo,100.0,2.1398067474365234,7.300048565639372e-05,8.412765595267047e-08,2.1398067474365234,8.412765595267047e-08,True,True
16,10,curobo,100.0,2.131938934326172,8.429369557916289e-05,4.437870870788174e-08,2.131938934326172,4.437870870788174e-08,True,True
17,10,curobo,100.0,2.152681350708008,6.705522537231445e-05,1.273010781233097e-07,2.152681350708008,1.273010781233097e-07,True,True
18,10,curobo,100.0,2.1517276763916016,0.7578637450933456,0.0008840301888994873,2.1517276763916016,0.0008840301888994873,True,True
19,10,curobo,100.0,2.1321773529052734,6.705522537231445e-05,1.6960001403276692e-07,2.1321773529052734,1.6960001403276692e-07,True,True
20,10,curobo,100.0,2.136707305908203,0.0001079410480997467,4.656206797903906e-08,2.136707305908203,4.656206797903906e-08,True,True
21,10,curobo,100.0,2.1271705627441406,6.664001972467304e-05,1.0651839232878046e-07,2.1271705627441406,1.0651839232878046e-07,True,True
22,10,curobo,100.0,2.1326541900634766,6.664001972467304e-05,1.226708121748743e-07,2.1326541900634766,1.226708121748743e-07,True,True
23,10,curobo,100.0,2.142190933227539,6.664001972467304e-05,1.6857352136412374e-07,2.142190933227539,1.6857352136412374e-07,True,True
24,10,curobo,100.0,2.1419525146484375,6.664001972467304e-05,1.1083451312288162e-07,2.1419525146484375,1.1083451312288162e-07,True,True
25,10,curobo,100.0,2.147197723388672,6.143906006172983e-05,2.1485739409854432e-07,2.147197723388672,2.1485739409854432e-07,True,True
26,10,curobo,0.0,399.7161388397217,283.74743461608887,0.49071642756462097,399.7161388397217,0.49071642756462097,True,False
27,10,curobo,100.0,2.3233890533447266,8.024520781191313e-05,2.546838402395224e-07,2.3233890533447266,2.546838402395224e-07,True,True
28,10,curobo,100.0,2.158641815185547,5.972094641037984e-05,9.384294941128246e-08,2.158641815185547,9.384294941128246e-08,True,True
29,10,curobo,100.0,2.1524429321289062,6.828570064953965e-05,1.6087814458387584e-07,2.1524429321289062,1.6087814458387584e-07,True,True
30,10,curobo,100.0,2.1278858184814453,0.00012644053981603065,1.6633131849630445e-07,2.1278858184814453,1.6633131849630445e-07,True,True
31,10,curobo,100.0,2.1622180938720703,8.940696716308594e-05,1.7280129327446048e-07,2.1622180938720703,1.7280129327446048e-07,True,True
32,10,curobo,100.0,2.1424293518066406,0.00012561466178340197,1.2344888489224104e-07,2.1424293518066406,1.2344888489224104e-07,True,True
33,10,curobo,100.0,9.238004684448242,1.4873569598421454,0.0195030365139246,9.238004684448242,0.0195030365139246,True,True
34,10,curobo,100.0,2.1419525146484375,7.300048565639372e-05,7.213324693111645e-08,2.1419525146484375,7.213324693111645e-08,True,True
35,10,curobo,100.0,2.1514892578125,6.705522537231445e-05,1.7359398896132916e-07,2.1514892578125,1.7359398896132916e-07,True,True
36,10,curobo,100.0,2.1533966064453125,5.9604644775390625e-05,4.17088052984127e-08,2.1533966064453125,4.17088052984127e-08,True,True
37,10,curobo,100.0,2.157449722290039,6.143906006172983e-05,1.1443950143075199e-07,2.157449722290039,1.1443950143075199e-07,True,True
38,10,curobo,100.0,2.137422561645508,0.00029540402124439424,4.791935381831536e-08,2.137422561645508,4.791935381831536e-08,True,True
39,10,curobo,100.0,2.1486282348632812,9.541398782175747e-05,1.540250735843074e-07,2.1486282348632812,1.540250735843074e-07,True,True
40,10,curobo,100.0,2.141714096069336,0.0,8.36412183957691e-08,2.141714096069336,8.36412183957691e-08,True,True
41,10,curobo,100.0,2.1386146545410156,0.0074191175372106954,6.471173946920317e-06,2.1386146545410156,6.471173946920317e-06,True,True
42,10,curobo,100.0,2.1524429321289062,0.27586350915953517,0.0001976404746528715,2.1524429321289062,0.0001976404746528715,True,True
43,10,curobo,100.0,2.143383026123047,0.00012287812012345967,1.3940159249159478e-07,2.143383026123047,1.3940159249159478e-07,False,False
44,10,curobo,100.0,2.145051956176758,0.00016858739115832577,1.8601970452891692e-07,2.145051956176758,1.8601970452891692e-07,True,True
45,10,curobo,100.0,2.138376235961914,0.015196123968053143,1.557010182295926e-05,2.138376235961914,1.557010182295926e-05,True,True
46,10,curobo,100.0,2.1371841430664062,0.00019144512464208674,1.5468920366856764e-07,2.1371841430664062,1.5468920366856764e-07,True,True
47,10,curobo,100.0,2.1462440490722656,0.00012377833513710357,1.6192625196254085e-07,2.1462440490722656,1.6192625196254085e-07,True,True
48,10,curobo,100.0,2.146005630493164,7.028863535651908e-05,1.2534225390936626e-07,2.146005630493164,1.2534225390936626e-07,True,True
49,10,curobo,100.0,2.1314620971679688,0.0003223614157832344,1.4436285766805668e-07,2.1314620971679688,1.4436285766805668e-07,True,True
50,10,curobo,100.0,2.129077911376953,6.664001972467304e-05,1.4129162195786193e-07,2.129077911376953,1.4129162195786193e-07,True,True
51,10,curobo,100.0,2.1436214447021484,6.664001972467304e-05,1.1768454299954101e-07,2.1436214447021484,1.1768454299954101e-07,True,True
52,10,curobo,100.0,2.130270004272461,6.828570064953965e-05,5.1633293196573504e-08,2.130270004272461,5.1633293196573504e-08,True,True
53,10,curobo,0.0,9.380817413330078,139.9044245481491,0.28199538588523865,9.380817413330078,0.28199538588523865,True,False
54,10,curobo,100.0,2.137422561645508,0.0001497548112183722,1.7450823008857697e-07,2.137422561645508,1.7450823008857697e-07,True,True
55,10,curobo,100.0,2.1295547485351562,0.0001365714012990793,2.1521611870412016e-07,2.1295547485351562,2.1521611870412016e-07,True,True
56,10,curobo,100.0,2.1371841430664062,8.97168703772877e-05,1.7241396221834293e-07,2.1371841430664062,1.7241396221834293e-07,True,True
57,10,curobo,100.0,2.134561538696289,8.462232869987929e-05,1.4768018274935457e-07,2.134561538696289,1.4768018274935457e-07,True,True
58,10,curobo,100.0,2.137899398803711,0.21007521718274802,0.00017689661763142794,2.137899398803711,0.00017689661763142794,True,True
59,10,curobo,100.0,2.1369457244873047,0.0001077117914860537,3.5530757713786443e-07,2.1369457244873047,3.5530757713786443e-07,True,True
60,10,curobo,100.0,2.1245479583740234,0.3142324567306787,0.0002643414482008666,2.1245479583740234,0.0002643414482008666,True,True
61,10,curobo,100.0,2.134084701538086,6.664001972467304e-05,1.3862613457149564e-07,2.134084701538086,1.3862613457149564e-07,True,True
62,10,curobo,100.0,2.1381378173828125,0.00018265322410115914,1.534604621156177e-07,2.1381378173828125,1.534604621156177e-07,True,True
63,10,curobo,100.0,2.1491050720214844,0.0,9.266112499517476e-08,2.1491050720214844,9.266112499517476e-08,True,True
64,10,curobo,100.0,2.1355152130126953,1.4901161193847656e-05,2.072515599138569e-07,2.1355152130126953,2.072515599138569e-07,True,True
65,10,curobo,100.0,2.1409988403320312,0.0026969044029101497,1.6266097873085528e-06,2.1409988403320312,1.6266097873085528e-06,True,True
66,10,curobo,100.0,2.1491050720214844,1.3969953870400786,0.0014679222367703915,2.1491050720214844,0.0014679222367703915,True,True
67,10,curobo,100.0,2.1386146545410156,3.252969804634631e-05,1.884029643406393e-07,2.1386146545410156,1.884029643406393e-07,True,True
68,10,curobo,100.0,2.132415771484375,4.214684778958144e-05,2.5764111910575593e-07,2.132415771484375,2.5764111910575593e-07,True,True
69,10,curobo,100.0,2.1469593048095703,0.00020212918627748877,1.340138737759844e-07,2.1469593048095703,1.340138737759844e-07,True,True
70,10,curobo,100.0,2.148866653442383,0.0005448611091196653,2.1553952933572873e-07,2.148866653442383,2.1553952933572873e-07,True,True
71,10,curobo,100.0,2.1491050720214844,0.00016858739115832577,1.7705087884678505e-07,2.1491050720214844,1.7705087884678505e-07,True,True
72,10,curobo,100.0,2.1355152130126953,9.541398782175747e-05,9.790314692281754e-08,2.1355152130126953,9.790314692281754e-08,True,True
73,10,curobo,100.0,2.1386146545410156,8.940696716308594e-05,1.906164897036433e-07,2.1386146545410156,1.906164897036433e-07,True,True
74,10,curobo,100.0,2.1500587463378906,7.300048565639372e-05,2.392569058429217e-07,2.1500587463378906,2.392569058429217e-07,True,True
75,10,curobo,100.0,2.138853073120117,0.0032255420592264272,2.467480044288095e-06,2.138853073120117,2.467480044288095e-06,True,True
76,10,curobo,100.0,2.1393299102783203,3.332000986233652e-05,1.3252123665097315e-07,2.1393299102783203,1.3252123665097315e-07,True,True
77,10,curobo,100.0,2.1500587463378906,4.398678429424763,0.004141118377447128,2.1500587463378906,0.004141118377447128,True,True
78,10,curobo,100.0,2.136707305908203,0.00013484573457844817,2.5159175720546045e-07,2.136707305908203,2.5159175720546045e-07,True,True
79,10,curobo,100.0,2.1598339080810547,2.261234214529395,0.0013398182345554233,2.1598339080810547,0.0013398182345554233,True,True
80,10,curobo,100.0,2.1386146545410156,2.9802322387695312e-05,1.1671628641352072e-07,2.1386146545410156,1.1671628641352072e-07,True,True
81,10,curobo,100.0,2.138376235961914,2.60770320892334e-05,1.8592332651223842e-07,2.138376235961914,1.8592332651223842e-07,True,True
82,10,curobo,100.0,2.1386146545410156,5.986600370988526e-05,4.015917909327982e-08,2.1386146545410156,4.015917909327982e-08,True,True
83,10,curobo,100.0,2.1469593048095703,0.0001077117914860537,6.20535658413246e-08,2.1469593048095703,6.20535658413246e-08,True,True
84,10,curobo,100.0,2.145051956176758,0.07297462434507906,7.648958853678778e-05,2.145051956176758,7.648958853678778e-05,True,True
85,10,curobo,100.0,2.1386146545410156,0.058021290897158906,4.404096762300469e-05,2.1386146545410156,4.404096762300469e-05,True,True
86,10,curobo,100.0,2.1436214447021484,0.0004246830940246582,2.0662820077177457e-07,2.1436214447021484,2.0662820077177457e-07,True,True
87,10,curobo,100.0,2.1386146545410156,5.372690026206328e-05,1.1741131089593182e-07,2.1386146545410156,1.1741131089593182e-07,True,True
88,10,curobo,100.0,2.1381378173828125,4.214684778958144e-05,1.935950422193855e-07,2.1381378173828125,1.935950422193855e-07,True,True
89,10,curobo,100.0,2.1402835845947266,0.00014028388761744282,1.8571819282442448e-07,2.1402835845947266,1.8571819282442448e-07,True,True
90,10,curobo,100.0,2.1359920501708984,0.000298395519848782,8.516025928884119e-08,2.1359920501708984,8.516025928884119e-08,True,True
91,10,curobo,100.0,2.1338462829589844,2.9802322387695312e-05,2.1620074619477236e-07,2.1338462829589844,2.1620074619477236e-07,True,True
92,10,curobo,100.0,2.155780792236328,2.2351741790771484e-05,4.229072203543183e-08,2.155780792236328,4.229072203543183e-08,True,True
93,10,curobo,100.0,2.139568328857422,0.0005511919312084501,4.445235219918686e-07,2.139568328857422,4.445235219918686e-07,True,True
94,10,curobo,100.0,2.1333694458007812,0.06133687566034496,5.488213355420157e-05,2.1333694458007812,5.488213355420157e-05,True,True
95,10,curobo,100.0,2.132415771484375,2.607973525300622,0.0029197060503065586,2.132415771484375,0.0029197060503065586,True,True
96,10,curobo,100.0,2.1469593048095703,2.9802322387695312e-05,1.4470049336523516e-07,2.1469593048095703,1.4470049336523516e-07,True,True
97,10,curobo,100.0,2.1469593048095703,8.940696716308594e-05,9.725265215365653e-08,2.1469593048095703,9.725265215365653e-08,True,True
98,10,curobo,100.0,2.1381378173828125,2.986047320518992e-05,1.3491364825313212e-07,2.1381378173828125,1.3491364825313212e-07,True,True
99,10,curobo,100.0,2.144336700439453,0.00033421895295759896,5.641603806338935e-08,2.144336700439453,5.641603806338935e-08,True,True
0,100,curobo,100.0,2.133607864379883,8.56006536764653e-05,8.876268253743547e-08,2.133607864379883,8.876268253743547e-08,True,True
1,100,curobo,100.0,2.140522003173828,6.143906006172983e-05,7.354779540946765e-08,2.140522003173828,7.354779540946765e-08,True,True
2,100,curobo,100.0,2.1371841430664062,2.9802322387695312e-05,8.928490302650971e-08,2.1371841430664062,8.928490302650971e-08,True,True
3,100,curobo,100.0,2.1669864654541016,4.214684778958144e-05,1.2469611476717546e-07,2.1669864654541016,1.2469611476717546e-07,True,True
4,100,curobo,100.0,2.1529197692871094,6.808853214579358e-05,2.100589568954092e-08,2.1529197692871094,2.100589568954092e-08,True,True
5,100,curobo,100.0,2.141714096069336,2.9802322387695312e-05,2.1901131219692616e-07,2.141714096069336,2.1901131219692616e-07,True,True
6,100,curobo,100.0,2.1436214447021484,0.0,5.5847092284011524e-08,2.1436214447021484,5.5847092284011524e-08,True,True
7,100,curobo,100.0,2.152681350708008,0.00012852251529693604,1.2386111336581962e-07,2.152681350708008,1.2386111336581962e-07,True,True
8,100,curobo,100.0,2.137422561645508,8.940696716308594e-05,4.9818726921557754e-08,2.137422561645508,4.9818726921557754e-08,True,True
9,100,curobo,100.0,2.137899398803711,1.4901161193847656e-05,6.305653954541413e-08,2.137899398803711,6.305653954541413e-08,True,True
10,100,curobo,100.0,2.1533966064453125,8.43759764279639e-05,5.3121823384572053e-08,2.1533966064453125,5.3121823384572053e-08,True,True
11,100,curobo,100.0,2.1407604217529297,7.300048565639372e-05,7.58641789389003e-08,2.1407604217529297,7.58641789389003e-08,True,True
12,100,curobo,100.0,2.130746841430664,6.664001972467304e-05,6.87404835275629e-08,2.130746841430664,6.87404835275629e-08,False,False
13,100,curobo,100.0,2.115011215209961,8.462232869987929e-05,9.608142192973901e-08,2.115011215209961,9.608142192973901e-08,True,True
14,100,curobo,100.0,2.146005630493164,6.143906006172983e-05,4.188586189002308e-08,2.146005630493164,4.188586189002308e-08,True,True
15,100,curobo,100.0,2.151012420654297,3.332000986233652e-05,6.18081870129572e-08,2.151012420654297,6.18081870129572e-08,True,True
16,100,curobo,100.0,2.145528793334961,7.028863535651908e-05,4.399497299800714e-08,2.145528793334961,4.399497299800714e-08,True,True
17,100,curobo,100.0,2.1457672119140625,6.705522537231445e-05,1.273010781233097e-07,2.1457672119140625,1.273010781233097e-07,True,True
18,100,curobo,100.0,2.139568328857422,0.00013207717586283252,3.59367824387391e-08,2.139568328857422,3.59367824387391e-08,True,True
19,100,curobo,100.0,2.140522003173828,6.705522537231445e-05,1.1822118750615118e-07,2.140522003173828,1.1822118750615118e-07,True,True
20,100,curobo,100.0,2.132892608642578,7.05903175912681e-05,7.804583646020546e-08,2.132892608642578,7.804583646020546e-08,True,True
21,100,curobo,100.0,2.1402835845947266,6.664001972467304e-05,1.0651839232878046e-07,2.1402835845947266,1.0651839232878046e-07,True,True
22,100,curobo,100.0,2.144336700439453,2.9802322387695312e-05,8.023283015745619e-08,2.144336700439453,8.023283015745619e-08,True,True
23,100,curobo,100.0,2.141237258911133,7.300048565639372e-05,6.442778754944811e-08,2.141237258911133,6.442778754944811e-08,True,True
24,100,curobo,100.0,2.1538734436035156,4.214684778958144e-05,1.1141969480377156e-07,2.1538734436035156,1.1141969480377156e-07,True,True
25,100,curobo,100.0,2.1283626556396484,3.725290298461914e-05,1.5440924983067816e-07,2.1283626556396484,1.5440924983067816e-07,True,True
26,100,curobo,100.0,2.148866653442383,4.214684778958144e-05,2.1811499095747422e-07,2.148866653442383,2.1811499095747422e-07,True,True
27,100,curobo,100.0,2.1479129791259766,4.214684778958144e-05,9.044256188417421e-08,2.1479129791259766,9.044256188417421e-08,True,True
28,100,curobo,100.0,2.1474361419677734,3.725290298461914e-05,7.544635849399128e-08,2.1474361419677734,7.544635849399128e-08,True,True
29,100,curobo,100.0,2.132892608642578,4.214684778958144e-05,1.7109941907733628e-08,2.132892608642578,1.7109941907733628e-08,True,True
30,100,curobo,100.0,2.1533966064453125,5.372690026206328e-05,8.815775487391875e-08,2.1533966064453125,8.815775487391875e-08,True,True
31,100,curobo,100.0,2.1343231201171875,9.42432194506182e-05,1.3349293226383452e-07,2.1343231201171875,1.3349293226383452e-07,True,True
32,100,curobo,100.0,2.134561538696289,2.9802322387695312e-05,5.352387688617455e-08,2.134561538696289,5.352387688617455e-08,True,True
33,100,curobo,100.0,2.140045166015625,0.06314848724287003,4.8581543524051085e-05,2.140045166015625,4.8581543524051085e-05,True,True
34,100,curobo,100.0,2.1364688873291016,6.143906006172983e-05,4.804218178833253e-08,2.1364688873291016,4.804218178833253e-08,True,True
35,100,curobo,100.0,2.1371841430664062,2.2351741790771484e-05,9.05999755218545e-08,2.1371841430664062,9.05999755218545e-08,True,True
36,100,curobo,100.0,2.138376235961914,5.9604644775390625e-05,4.17088052984127e-08,2.138376235961914,4.17088052984127e-08,True,True
37,100,curobo,100.0,2.143383026123047,6.143906006172983e-05,1.1443950143075199e-07,2.143383026123047,1.1443950143075199e-07,True,True
38,100,curobo,100.0,2.136707305908203,3.332000986233652e-05,9.345497886670273e-08,2.136707305908203,9.345497886670273e-08,True,True
39,100,curobo,100.0,2.1338462829589844,6.705522537231445e-05,6.242358807639903e-08,2.1338462829589844,6.242358807639903e-08,True,True
40,100,curobo,100.0,2.1429061889648438,0.0,8.36412183957691e-08,2.1429061889648438,8.36412183957691e-08,True,True
41,100,curobo,100.0,2.148866653442383,9.064022776783531e-05,1.6495397403559764e-07,2.148866653442383,1.6495397403559764e-07,True,True
42,100,curobo,100.0,2.1419525146484375,7.920075972833729e-05,9.935413203265853e-08,2.1419525146484375,9.935413203265853e-08,True,True
43,100,curobo,100.0,2.1309852600097656,4.770699391087874e-05,1.28898648199538e-07,2.1309852600097656,1.28898648199538e-07,True,True
44,100,curobo,100.0,2.134084701538086,6.143906006172983e-05,9.484971741358095e-08,2.134084701538086,9.484971741358095e-08,True,True
45,100,curobo,100.0,2.1436214447021484,5.9604644775390625e-05,2.2416754674736694e-08,2.1436214447021484,2.2416754674736694e-08,True,True
46,100,curobo,100.0,2.134084701538086,0.000168628545793581,1.1844833380791897e-07,2.134084701538086,1.1844833380791897e-07,True,True
47,100,curobo,100.0,2.1355152130126953,6.0068501284149534e-05,8.251915772916618e-08,2.1355152130126953,8.251915772916618e-08,True,True
48,100,curobo,100.0,2.130746841430664,3.1828893298779803e-05,1.013038186670201e-07,2.130746841430664,1.013038186670201e-07,True,True
49,100,curobo,100.0,2.1398067474365234,8.429369557916289e-05,1.03023172215444e-08,2.1398067474365234,1.03023172215444e-08,True,True
50,100,curobo,100.0,2.1436214447021484,5.372690026206328e-05,3.272142379273646e-08,2.1436214447021484,3.272142379273646e-08,True,True
51,100,curobo,100.0,2.1181106567382812,4.214684778958144e-05,6.978645927802063e-08,2.1181106567382812,6.978645927802063e-08,True,True
52,100,curobo,100.0,2.147674560546875,6.828570064953965e-05,5.1633293196573504e-08,2.147674560546875,5.1633293196573504e-08,True,True
53,100,curobo,100.0,2.123117446899414,8.940696716308594e-05,2.0427413005563722e-07,2.123117446899414,2.0427413005563722e-07,True,True
54,100,curobo,100.0,2.140045166015625,1.4901161193847656e-05,4.0921825927853206e-08,2.140045166015625,4.0921825927853206e-08,True,True
55,100,curobo,100.0,2.138376235961914,6.0068501284149534e-05,9.755964214264168e-08,2.138376235961914,9.755964214264168e-08,True,True
56,100,curobo,100.0,2.1364688873291016,7.028863535651908e-05,7.500943866034504e-08,2.1364688873291016,7.500943866034504e-08,True,True
57,100,curobo,100.0,2.1431446075439453,6.705522537231445e-05,1.0217169688075955e-07,2.1431446075439453,1.0217169688075955e-07,True,True
58,100,curobo,100.0,2.1386146545410156,0.00012731557319511921,7.977824623139895e-08,2.1386146545410156,7.977824623139895e-08,True,True
59,100,curobo,100.0,2.1638870239257812,3.725290298461914e-05,8.111523186471459e-08,2.1638870239257812,8.111523186471459e-08,True,True
60,100,curobo,100.0,2.1483898162841797,0.00011920928955078125,1.2985321973246755e-07,2.1483898162841797,1.2985321973246755e-07,True,True
61,100,curobo,100.0,2.146005630493164,6.664001972467304e-05,9.867063255342146e-08,2.146005630493164,9.867063255342146e-08,True,True
62,100,curobo,100.0,2.1529197692871094,4.770699391087874e-05,4.2403108579947e-08,2.1529197692871094,4.2403108579947e-08,True,True
63,100,curobo,100.0,2.136707305908203,0.0,9.266112499517476e-08,2.136707305908203,9.266112499517476e-08,True,True
64,100,curobo,100.0,2.1331310272216797,6.664001972467304e-05,5.77028131942825e-08,2.1331310272216797,5.77028131942825e-08,True,True
65,100,curobo,100.0,2.134084701538086,2.9802322387695312e-05,1.2590116682531516e-07,2.134084701538086,1.2590116682531516e-07,True,True
66,100,curobo,100.0,2.1452903747558594,1.4901161193847656e-05,5.7936954789283845e-08,2.1452903747558594,5.7936954789283845e-08,True,True
67,100,curobo,100.0,2.1321773529052734,6.3027904673163e-05,8.488829905672901e-08,2.1321773529052734,8.488829905672901e-08,True,True
68,100,curobo,100.0,2.1495819091796875,5.9604644775390625e-05,9.750172580424987e-08,2.1495819091796875,9.750172580424987e-08,True,True
69,100,curobo,100.0,2.136707305908203,4.214684778958144e-05,2.848218194628771e-08,2.136707305908203,2.848218194628771e-08,True,True
70,100,curobo,100.0,2.1572113037109375,0.0005448611091196653,2.1553952933572873e-07,2.1572113037109375,2.1553952933572873e-07,True,True
71,100,curobo,100.0,2.1414756774902344,4.214684778958144e-05,1.5571812639336713e-07,2.1414756774902344,1.5571812639336713e-07,True,True
72,100,curobo,100.0,2.1407604217529297,0.0,1.0028328034650258e-07,2.1407604217529297,1.0028328034650258e-07,True,True
73,100,curobo,100.0,2.146482467651367,2.9802322387695312e-05,1.56462959921555e-07,2.146482467651367,1.56462959921555e-07,True,True
74,100,curobo,100.0,2.129793167114258,3.071953003086492e-05,9.430765857132428e-08,2.129793167114258,9.430765857132428e-08,True,True
75,100,curobo,100.0,2.1352767944335938,1.4901161193847656e-05,1.295807692258677e-07,2.1352767944335938,1.295807692258677e-07,True,True
76,100,curobo,100.0,2.134084701538086,3.332000986233652e-05,8.897895042991877e-08,2.134084701538086,8.897895042991877e-08,True,True
77,100,curobo,100.0,2.1424293518066406,0.78449712600559,0.0004903164226561785,2.1424293518066406,0.0004903164226561785,True,True
78,100,curobo,100.0,2.192974090576172,1.6763806343078613e-05,1.0428302665843603e-08,2.192974090576172,1.0428302665843603e-08,True,True
79,100,curobo,100.0,2.241373062133789,8.43759764279639e-05,6.846121181069975e-08,2.241373062133789,6.846121181069975e-08,True,True
80,100,curobo,100.0,2.157926559448242,6.828570064953965e-05,4.5040017937481025e-08,2.157926559448242,4.5040017937481025e-08,True,True
81,100,curobo,100.0,2.1393299102783203,5.972094641037984e-05,3.761590861017794e-08,2.1393299102783203,3.761590861017794e-08,True,True
82,100,curobo,100.0,2.1305084228515625,2.60770320892334e-05,3.564546346979114e-08,2.1305084228515625,3.564546346979114e-08,True,True
83,100,curobo,100.0,2.146005630493164,6.705522537231445e-05,9.624627494986271e-08,2.146005630493164,9.624627494986271e-08,True,True
84,100,curobo,100.0,2.142667770385742,0.00012128666071475891,3.80450835280044e-08,2.142667770385742,3.80450835280044e-08,True,True
85,100,curobo,100.0,2.1638870239257812,4.214684778958144e-05,8.357703507044789e-08,2.1638870239257812,8.357703507044789e-08,True,True
86,100,curobo,100.0,2.129793167114258,5.372690026206328e-05,3.3608710481303206e-08,2.129793167114258,3.3608710481303206e-08,True,True
87,100,curobo,100.0,2.1507740020751953,4.214684778958144e-05,8.028769116208423e-08,2.1507740020751953,8.028769116208423e-08,True,True
88,100,curobo,100.0,2.1352767944335938,6.143906006172983e-05,7.523249223595485e-08,2.1352767944335938,7.523249223595485e-08,True,True
89,100,curobo,100.0,2.1283626556396484,4.214684778958144e-05,1.25686213436893e-07,2.1283626556396484,1.25686213436893e-07,True,True
90,100,curobo,100.0,2.1371841430664062,8.56006536764653e-05,2.2541777866535995e-07,2.1371841430664062,2.2541777866535995e-07,True,True
91,100,curobo,100.0,2.132415771484375,8.56006536764653e-05,1.416607346982346e-07,2.132415771484375,1.416607346982346e-07,True,True
92,100,curobo,100.0,2.1355152130126953,2.2351741790771484e-05,4.229072203543183e-08,2.1355152130126953,4.229072203543183e-08,True,True
93,100,curobo,100.0,2.1338462829589844,8.56006536764653e-05,1.1282465095519001e-07,2.1338462829589844,1.1282465095519001e-07,True,True
94,100,curobo,100.0,2.1483898162841797,0.00024211522031691857,3.1143489565010896e-08,2.1483898162841797,3.1143489565010896e-08,True,True
95,100,curobo,100.0,2.124786376953125,6.664001972467304e-05,1.4321079788714997e-07,2.124786376953125,1.4321079788714997e-07,True,True
96,100,curobo,100.0,2.129077911376953,2.9802322387695312e-05,1.4470049336523516e-07,2.129077911376953,1.4470049336523516e-07,True,True
97,100,curobo,100.0,2.128124237060547,2.9802322387695312e-05,8.335643997270381e-08,2.128124237060547,8.335643997270381e-08,True,True
98,100,curobo,100.0,2.142667770385742,2.986047320518992e-05,1.3491364825313212e-07,2.142667770385742,1.3491364825313212e-07,True,True
99,100,curobo,100.0,2.145528793334961,6.716508238469032e-05,3.3806504262656745e-08,2.145528793334961,3.3806504262656745e-08,True,True
0,1000,curobo,100.0,2.2919178009033203,0.00012287812012345967,8.533371342878127e-09,2.2919178009033203,8.533371342878127e-09,True,True
1,1000,curobo,100.0,2.328634262084961,6.143906006172983e-05,7.354779540946765e-08,2.328634262084961,7.354779540946765e-08,True,True
2,1000,curobo,100.0,2.32696533203125,2.9802322387695312e-05,2.272411947501496e-08,2.32696533203125,2.272411947501496e-08,True,True
3,1000,curobo,100.0,2.3202896118164062,2.9802322387695312e-05,5.179616735517811e-08,2.3202896118164062,5.179616735517811e-08,True,True
4,1000,curobo,100.0,2.337932586669922,2.7939677238464355e-06,8.334758661021624e-08,2.337932586669922,8.334758661021624e-08,True,True
5,1000,curobo,100.0,2.3195743560791016,5.9604644775390625e-05,4.900074657143705e-08,2.3195743560791016,4.900074657143705e-08,True,True
6,1000,curobo,100.0,2.3398399353027344,0.0,5.5847092284011524e-08,2.3398399353027344,5.5847092284011524e-08,True,True
7,1000,curobo,100.0,2.3355484008789062,2.993300185494263e-05,2.2520209697063365e-08,2.3355484008789062,2.2520209697063365e-08,True,True
8,1000,curobo,100.0,2.325773239135742,4.214684778958144e-05,5.56352190983489e-08,2.325773239135742,5.56352190983489e-08,True,True
9,1000,curobo,100.0,2.333402633666992,1.4901161193847656e-05,6.305653954541413e-08,2.333402633666992,6.305653954541413e-08,True,True
10,1000,curobo,100.0,2.3407936096191406,7.450580596923828e-06,6.562649446095747e-08,2.3407936096191406,6.562649446095747e-08,True,True
11,1000,curobo,100.0,2.433300018310547,3.332000986233652e-05,2.68725734997588e-08,2.433300018310547,2.68725734997588e-08,True,True
12,1000,curobo,100.0,2.3193359375,4.214684778958144e-05,3.1038528192084414e-08,2.3193359375,3.1038528192084414e-08,True,True
13,1000,curobo,100.0,2.326488494873047,4.214684778958144e-05,7.812766966708296e-08,2.326488494873047,7.812766966708296e-08,True,True
14,1000,curobo,100.0,2.336740493774414,1.4901161193847656e-05,8.188456490643148e-08,2.336740493774414,8.188456490643148e-08,True,True
15,1000,curobo,100.0,2.3276805877685547,3.332000986233652e-05,6.18081870129572e-08,2.3276805877685547,6.18081870129572e-08,True,True
16,1000,curobo,100.0,2.312898635864258,3.332000986233652e-05,5.598091945557826e-08,2.312898635864258,5.598091945557826e-08,True,True
17,1000,curobo,100.0,2.3279190063476562,6.143906006172983e-05,6.0866696571793e-08,2.3279190063476562,6.0866696571793e-08,True,True
18,1000,curobo,100.0,2.3179054260253906,3.725290298461914e-06,8.298117393223947e-08,2.3179054260253906,8.298117393223947e-08,True,True
19,1000,curobo,100.0,2.303600311279297,2.9802322387695312e-05,4.2417497070346144e-08,2.303600311279297,4.2417497070346144e-08,True,True
20,1000,curobo,100.0,2.3193359375,2.981687075021e-05,6.267435992413084e-08,2.3193359375,6.267435992413084e-08,True,True
21,1000,curobo,100.0,2.3267269134521484,3.071953003086492e-05,2.139460697492268e-08,2.3267269134521484,2.139460697492268e-08,True,True
22,1000,curobo,100.0,2.328634262084961,3.071953003086492e-05,4.396216368718342e-08,2.328634262084961,4.396216368718342e-08,True,True
23,1000,curobo,100.0,2.322673797607422,0.0,1.0661528904165607e-07,2.322673797607422,1.0661528904165607e-07,True,True
24,1000,curobo,100.0,2.321958541870117,2.9802322387695312e-05,7.422224257425114e-08,2.321958541870117,7.422224257425114e-08,True,True
25,1000,curobo,100.0,2.328634262084961,2.9802322387695312e-05,8.464408551844826e-08,2.328634262084961,8.464408551844826e-08,True,True
26,1000,curobo,100.0,2.357006072998047,5.9604644775390625e-05,1.0543212880520514e-07,2.357006072998047,1.0543212880520514e-07,True,True
27,1000,curobo,100.0,2.3183822631835938,4.214684778958144e-05,9.044256188417421e-08,2.3183822631835938,9.044256188417421e-08,True,True
28,1000,curobo,100.0,2.325773239135742,3.725290298461914e-05,7.544635849399128e-08,2.325773239135742,7.544635849399128e-08,True,True
29,1000,curobo,100.0,2.3267269134521484,4.214684778958144e-05,1.7109941907733628e-08,2.3267269134521484,1.7109941907733628e-08,True,True
30,1000,curobo,100.0,2.3255348205566406,3.332000986233652e-05,6.575051259005704e-08,2.3255348205566406,6.575051259005704e-08,True,True
31,1000,curobo,100.0,2.32696533203125,1.4901161193847656e-05,6.340712843666552e-08,2.32696533203125,6.340712843666552e-08,True,True
32,1000,curobo,100.0,2.3262500762939453,2.9802322387695312e-05,5.352387688617455e-08,2.3262500762939453,5.352387688617455e-08,True,True
33,1000,curobo,100.0,2.325296401977539,3.071953003086492e-05,8.715123556157778e-08,2.325296401977539,8.715123556157778e-08,True,True
34,1000,curobo,100.0,2.309560775756836,0.0,8.909649551469556e-08,2.309560775756836,8.909649551469556e-08,True,True
35,1000,curobo,100.0,2.323150634765625,3.332000986233652e-05,7.402321244853738e-08,2.323150634765625,7.402321244853738e-08,True,True
36,1000,curobo,100.0,2.3157596588134766,5.9604644775390625e-05,4.17088052984127e-08,2.3157596588134766,4.17088052984127e-08,True,True
37,1000,curobo,100.0,2.3343563079833984,1.4901161193847656e-05,9.75079714748972e-08,2.3343563079833984,9.75079714748972e-08,True,True
38,1000,curobo,100.0,2.315521240234375,0.0,1.0983754350490926e-07,2.315521240234375,1.0983754350490926e-07,True,True
39,1000,curobo,100.0,2.318859100341797,6.0068501284149534e-05,5.664611890665583e-08,2.318859100341797,5.664611890665583e-08,True,True
40,1000,curobo,100.0,2.3336410522460938,3.332000986233652e-05,1.698554186191359e-08,2.3336410522460938,1.698554186191359e-08,True,True
41,1000,curobo,100.0,2.3403167724609375,8.940696716308594e-05,4.199145919869807e-08,2.3403167724609375,4.199145919869807e-08,True,True
42,1000,curobo,100.0,2.3145675659179688,7.45988799621955e-05,6.285480935730448e-08,2.3145675659179688,6.285480935730448e-08,True,True
43,1000,curobo,100.0,2.3288726806640625,2.9802322387695312e-05,1.0226074209640501e-07,2.3288726806640625,1.0226074209640501e-07,True,True
44,1000,curobo,100.0,2.320528030395508,4.214684778958144e-05,3.2941475325287684e-08,2.320528030395508,3.2941475325287684e-08,True,True
45,1000,curobo,100.0,2.3484230041503906,5.9604644775390625e-05,2.2416754674736694e-08,2.3484230041503906,2.2416754674736694e-08,True,True
46,1000,curobo,100.0,2.307891845703125,6.757064596740747e-05,3.952349558744572e-08,2.307891845703125,3.952349558744572e-08,True,True
47,1000,curobo,100.0,2.324342727661133,7.028863535651908e-05,2.16259881113956e-08,2.324342727661133,2.16259881113956e-08,True,True
48,1000,curobo,100.0,2.440929412841797,6.0643330357379455e-05,2.6830953459011653e-08,2.440929412841797,2.6830953459011653e-08,True,True
49,1000,curobo,100.0,2.321481704711914,0.0,9.456280736230838e-08,2.321481704711914,9.456280736230838e-08,True,True
50,1000,curobo,100.0,2.340078353881836,5.372690026206328e-05,3.272142379273646e-08,2.340078353881836,3.272142379273646e-08,True,True
51,1000,curobo,100.0,2.3393630981445312,5.9604644775390625e-05,3.8879939268099406e-08,2.3393630981445312,3.8879939268099406e-08,True,True
52,1000,curobo,100.0,2.3293495178222656,3.071953003086492e-05,4.4135123999922143e-08,2.3293495178222656,4.4135123999922143e-08,True,True
53,1000,curobo,100.0,2.336263656616211,0.0,1.2397245541251323e-07,2.336263656616211,1.2397245541251323e-07,True,True
54,1000,curobo,100.0,2.3088455200195312,1.4901161193847656e-05,4.0921825927853206e-08,2.3088455200195312,4.0921825927853206e-08,True,True
55,1000,curobo,100.0,2.3107528686523438,3.725290298461914e-05,3.278000804129988e-08,2.3107528686523438,3.278000804129988e-08,True,True
56,1000,curobo,100.0,2.3157596588134766,8.720680710894158e-05,5.738247921271977e-08,2.3157596588134766,5.738247921271977e-08,True,True
57,1000,curobo,100.0,2.3136138916015625,7.450580596923828e-06,2.9051928862600107e-08,2.3136138916015625,2.9051928862600107e-08,True,True
58,1000,curobo,100.0,2.329587936401367,0.0,4.674664566550746e-08,2.329587936401367,4.674664566550746e-08,True,True
59,1000,curobo,100.0,2.315521240234375,2.2351741790771484e-05,7.791444289750871e-08,2.315521240234375,7.791444289750871e-08,True,True
60,1000,curobo,100.0,2.3221969604492188,6.664001972467304e-05,6.015353193333794e-08,2.3221969604492188,6.015353193333794e-08,True,True
61,1000,curobo,100.0,2.8705596923828125,0.0,3.7205676761686846e-08,2.8705596923828125,3.7205676761686846e-08,True,True
62,1000,curobo,100.0,2.322673797607422,4.770699391087874e-05,4.2403108579947e-08,2.322673797607422,4.2403108579947e-08,True,True
63,1000,curobo,100.0,2.3331642150878906,0.0,9.266112499517476e-08,2.3331642150878906,9.266112499517476e-08,True,True
64,1000,curobo,100.0,2.325296401977539,5.372690026206328e-05,3.5905610928921305e-08,2.325296401977539,3.5905610928921305e-08,True,True
65,1000,curobo,100.0,2.3107528686523438,4.214684778958144e-05,3.5545124177360776e-08,2.3107528686523438,3.5545124177360776e-08,True,True
66,1000,curobo,100.0,2.319812774658203,1.4901161193847656e-05,5.7936954789283845e-08,2.319812774658203,5.7936954789283845e-08,True,True
67,1000,curobo,100.0,2.3069381713867188,1.862645149230957e-06,1.0880530965096114e-07,2.3069381713867188,1.0880530965096114e-07,True,True
68,1000,curobo,100.0,2.318143844604492,2.9802322387695312e-05,5.579884643225341e-08,2.318143844604492,5.579884643225341e-08,True,True
69,1000,curobo,100.0,2.330780029296875,4.214684778958144e-05,2.848218194628771e-08,2.330780029296875,2.848218194628771e-08,True,True
70,1000,curobo,100.0,2.3241043090820312,5.9604644775390625e-05,4.296512656765117e-08,2.3241043090820312,4.296512656765117e-08,True,True
71,1000,curobo,100.0,2.319812774658203,2.9802322387695312e-05,4.532028086146056e-08,2.319812774658203,4.532028086146056e-08,True,True
72,1000,curobo,100.0,2.337217330932617,7.300048565639372e-05,1.645247138526429e-08,2.337217330932617,1.645247138526429e-08,True,True
73,1000,curobo,100.0,2.320528030395508,1.4901161193847656e-05,6.962845588986966e-08,2.320528030395508,6.962845588986966e-08,True,True
74,1000,curobo,100.0,2.328634262084961,3.071953003086492e-05,9.430765857132428e-08,2.328634262084961,9.430765857132428e-08,True,True
75,1000,curobo,100.0,2.325773239135742,2.9802322387695312e-05,7.931303258601474e-08,2.325773239135742,7.931303258601474e-08,True,True
76,1000,curobo,100.0,2.335071563720703,2.9802322387695312e-05,4.782290830007696e-08,2.335071563720703,4.782290830007696e-08,True,True
77,1000,curobo,100.0,2.3195743560791016,0.6503954064100981,0.0004068807465955615,2.3195743560791016,0.0004068807465955615,True,True
78,1000,curobo,100.0,2.327442169189453,1.6763806343078613e-05,1.0428302665843603e-08,2.327442169189453,1.0428302665843603e-08,True,True
79,1000,curobo,100.0,2.3190975189208984,3.725290298461914e-06,3.682394122961341e-08,2.3190975189208984,3.682394122961341e-08,True,True
80,1000,curobo,100.0,2.325296401977539,1.4901161193847656e-05,4.959404620308305e-08,2.325296401977539,4.959404620308305e-08,True,True
81,1000,curobo,100.0,2.331972122192383,3.071953003086492e-05,1.0941958450416678e-08,2.331972122192383,1.0941958450416678e-08,True,True
82,1000,curobo,100.0,2.325296401977539,2.60770320892334e-05,3.564546346979114e-08,2.325296401977539,3.564546346979114e-08,True,True
83,1000,curobo,100.0,2.312898635864258,2.9802322387695312e-05,1.0042931819498335e-07,2.312898635864258,1.0042931819498335e-07,True,True
84,1000,curobo,100.0,2.2995471954345703,5.9604644775390625e-05,8.100660409127158e-08,2.2995471954345703,8.100660409127158e-08,True,True
85,1000,curobo,100.0,2.524852752685547,3.332000986233652e-05,6.226453308499913e-08,2.524852752685547,6.226453308499913e-08,True,True
86,1000,curobo,100.0,2.3016929626464844,1.4901161193847656e-05,5.797176427790873e-08,2.3016929626464844,5.797176427790873e-08,True,True
87,1000,curobo,100.0,2.302408218383789,3.332000986233652e-05,4.144824927720947e-08,2.302408218383789,4.144824927720947e-08,True,True
88,1000,curobo,100.0,2.3279190063476562,4.214684778958144e-05,5.312696416126528e-08,2.3279190063476562,5.312696416126528e-08,True,True
89,1000,curobo,100.0,2.305746078491211,1.955777406692505e-05,3.46229676040366e-08,2.305746078491211,3.46229676040366e-08,True,True
90,1000,curobo,100.0,2.330303192138672,0.00012013700256829907,7.473164487237227e-08,2.330303192138672,7.473164487237227e-08,True,True
91,1000,curobo,100.0,2.310514450073242,1.4901161193847656e-05,4.240618878270652e-08,2.310514450073242,4.240618878270652e-08,True,True
92,1000,curobo,100.0,2.3126602172851562,2.2351741790771484e-05,4.229072203543183e-08,2.3126602172851562,4.229072203543183e-08,True,True
93,1000,curobo,100.0,2.326488494873047,0.0,1.398607878400071e-07,2.326488494873047,1.398607878400071e-07,True,True
94,1000,curobo,100.0,2.3193359375,7.450580596923828e-06,8.162309228509912e-08,2.3193359375,8.162309228509912e-08,True,True
95,1000,curobo,100.0,2.324342727661133,6.143906006172983e-05,8.864175526923646e-08,2.324342727661133,8.864175526923646e-08,True,True
96,1000,curobo,100.0,2.3064613342285156,2.9802322387695312e-05,2.6098120997630758e-08,2.3064613342285156,2.6098120997630758e-08,True,True
97,1000,curobo,100.0,2.321958541870117,1.4901161193847656e-05,4.008067477911936e-08,2.321958541870117,4.008067477911936e-08,True,True
98,1000,curobo,100.0,2.3064613342285156,3.122362102203624e-05,6.829154841625495e-08,2.3064613342285156,6.829154841625495e-08,True,True
99,1000,curobo,100.0,2.315521240234375,6.705522537231445e-05,3.125996883568405e-08,2.315521240234375,3.125996883568405e-08,True,True
0,2000,curobo,100.0,2.4602413177490234,0.0,6.832319598970571e-08,2.4602413177490234,6.832319598970571e-08,True,True
1,2000,curobo,100.0,2.451181411743164,6.143906006172983e-05,7.354779540946765e-08,2.451181411743164,7.354779540946765e-08,True,True
2,2000,curobo,100.0,2.4518966674804688,2.9802322387695312e-05,2.272411947501496e-08,2.4518966674804688,2.272411947501496e-08,True,True
3,2000,curobo,100.0,2.4428367614746094,2.9802322387695312e-05,5.179616735517811e-08,2.4428367614746094,5.179616735517811e-08,True,True
4,2000,curobo,100.0,2.4595260620117188,2.7939677238464355e-06,8.334758661021624e-08,2.4595260620117188,8.334758661021624e-08,True,True
5,2000,curobo,100.0,2.4383068084716797,7.450580596923828e-05,2.019165989963767e-08,2.4383068084716797,2.019165989963767e-08,True,True
6,2000,curobo,100.0,2.4480819702148438,0.0,5.5847092284011524e-08,2.4480819702148438,5.5847092284011524e-08,True,True
7,2000,curobo,100.0,2.4530887603759766,2.993300185494263e-05,2.2520209697063365e-08,2.4530887603759766,2.2520209697063365e-08,True,True
8,2000,curobo,100.0,2.452850341796875,4.214684778958144e-05,5.56352190983489e-08,2.452850341796875,5.56352190983489e-08,True,True
9,2000,curobo,100.0,2.4530887603759766,4.470348358154297e-05,1.4114116098085105e-08,2.4530887603759766,1.4114116098085105e-08,True,True
10,2000,curobo,100.0,2.5653839111328125,7.450580596923828e-06,6.562649446095747e-08,2.5653839111328125,6.562649446095747e-08,True,True
11,2000,curobo,100.0,2.4449825286865234,3.332000986233652e-05,2.68725734997588e-08,2.4449825286865234,2.68725734997588e-08,True,True
12,2000,curobo,100.0,2.439737319946289,2.9802322387695312e-05,9.034932801910145e-09,2.439737319946289,9.034932801910145e-09,True,True
13,2000,curobo,100.0,2.4509429931640625,4.214684778958144e-05,7.812766966708296e-08,2.4509429931640625,7.812766966708296e-08,True,True
14,2000,curobo,100.0,2.469778060913086,1.4901161193847656e-05,8.188456490643148e-08,2.469778060913086,8.188456490643148e-08,True,True
15,2000,curobo,100.0,2.461671829223633,4.470348358154297e-05,3.748143839743534e-08,2.461671829223633,3.748143839743534e-08,True,True
16,2000,curobo,100.0,2.4373531341552734,3.332000986233652e-05,5.598091945557826e-08,2.4373531341552734,5.598091945557826e-08,True,True
17,2000,curobo,100.0,2.4437904357910156,6.143906006172983e-05,6.0866696571793e-08,2.4437904357910156,6.0866696571793e-08,True,True
18,2000,curobo,100.0,2.4480819702148438,3.725290298461914e-06,8.298117393223947e-08,2.4480819702148438,8.298117393223947e-08,True,True
19,2000,curobo,100.0,2.435445785522461,2.9802322387695312e-05,4.2417497070346144e-08,2.435445785522461,4.2417497070346144e-08,True,True
20,2000,curobo,100.0,2.447843551635742,2.981687075021e-05,6.267435992413084e-08,2.447843551635742,6.267435992413084e-08,True,True
21,2000,curobo,100.0,2.4530887603759766,3.071953003086492e-05,2.139460697492268e-08,2.4530887603759766,2.139460697492268e-08,True,True
22,2000,curobo,100.0,2.4406909942626953,3.071953003086492e-05,4.396216368718342e-08,2.4406909942626953,4.396216368718342e-08,True,True
23,2000,curobo,100.0,2.440929412841797,0.0,1.0661528904165607e-07,2.440929412841797,1.0661528904165607e-07,True,True
24,2000,curobo,100.0,2.4209022521972656,2.9802322387695312e-05,7.422224257425114e-08,2.4209022521972656,7.422224257425114e-08,True,True
25,2000,curobo,100.0,2.4518966674804688,3.071953003086492e-05,7.261350987164406e-08,2.4518966674804688,7.261350987164406e-08,True,True
26,2000,curobo,100.0,2.457857131958008,4.214684778958144e-05,8.622858160833857e-08,2.457857131958008,8.622858160833857e-08,True,True
27,2000,curobo,100.0,2.438068389892578,7.300048565639372e-05,4.0013283353346196e-08,2.438068389892578,4.0013283353346196e-08,True,True
28,2000,curobo,100.0,2.570629119873047,7.450580596923828e-06,2.4101552753563737e-08,2.570629119873047,2.4101552753563737e-08,True,True
29,2000,curobo,100.0,2.4242401123046875,4.214684778958144e-05,1.7109941907733628e-08,2.4242401123046875,1.7109941907733628e-08,True,True
30,2000,curobo,100.0,2.4433135986328125,3.332000986233652e-05,6.575051259005704e-08,2.4433135986328125,6.575051259005704e-08,True,True
31,2000,curobo,100.0,2.450704574584961,1.4901161193847656e-05,6.340712843666552e-08,2.450704574584961,6.340712843666552e-08,True,True
32,2000,curobo,100.0,2.429485321044922,2.9802322387695312e-05,5.352387688617455e-08,2.429485321044922,5.352387688617455e-08,True,True
33,2000,curobo,100.0,2.4535655975341797,3.071953003086492e-05,8.715123556157778e-08,2.4535655975341797,8.715123556157778e-08,True,True
34,2000,curobo,100.0,2.4328231811523438,0.0,8.909649551469556e-08,2.4328231811523438,8.909649551469556e-08,True,True
35,2000,curobo,100.0,2.4290084838867188,3.332000986233652e-05,7.402321244853738e-08,2.4290084838867188,7.402321244853738e-08,True,True
36,2000,curobo,100.0,2.448558807373047,5.9604644775390625e-05,4.17088052984127e-08,2.448558807373047,4.17088052984127e-08,True,True
37,2000,curobo,100.0,2.472400665283203,1.4901161193847656e-05,9.75079714748972e-08,2.472400665283203,9.75079714748972e-08,True,True
38,2000,curobo,100.0,2.447366714477539,2.9802322387695312e-05,5.7489689453404935e-08,2.447366714477539,5.7489689453404935e-08,True,True
39,2000,curobo,100.0,2.4344921112060547,6.0068501284149534e-05,5.664611890665583e-08,2.4344921112060547,5.664611890665583e-08,True,True
40,2000,curobo,100.0,2.4449825286865234,3.332000986233652e-05,1.698554186191359e-08,2.4449825286865234,1.698554186191359e-08,True,True
41,2000,curobo,100.0,2.4309158325195312,6.143906006172983e-05,6.326889945285075e-08,2.4309158325195312,6.326889945285075e-08,True,True
42,2000,curobo,100.0,2.440929412841797,7.45988799621955e-05,6.285480935730448e-08,2.440929412841797,6.285480935730448e-08,True,True
43,2000,curobo,100.0,2.463102340698242,2.9802322387695312e-05,1.0226074209640501e-07,2.463102340698242,1.0226074209640501e-07,True,True
44,2000,curobo,100.0,2.4623870849609375,4.214684778958144e-05,3.2941475325287684e-08,2.4623870849609375,3.2941475325287684e-08,True,True
45,2000,curobo,100.0,2.465486526489258,5.9604644775390625e-05,2.2416754674736694e-08,2.465486526489258,2.2416754674736694e-08,True,True
46,2000,curobo,100.0,2.4421215057373047,6.757064596740747e-05,3.952349558744572e-08,2.4421215057373047,3.952349558744572e-08,True,True
47,2000,curobo,100.0,2.570629119873047,3.071953003086492e-05,2.6336119063330443e-08,2.570629119873047,2.6336119063330443e-08,True,True
48,2000,curobo,100.0,2.4471282958984375,6.0643330357379455e-05,2.6830953459011653e-08,2.4471282958984375,2.6830953459011653e-08,True,True
49,2000,curobo,100.0,2.443552017211914,2.9802322387695312e-05,4.338638959211494e-08,2.443552017211914,4.338638959211494e-08,True,True
50,2000,curobo,100.0,2.440214157104492,1.4901161193847656e-05,6.687206166589021e-08,2.440214157104492,6.687206166589021e-08,True,True
51,2000,curobo,100.0,2.4449825286865234,5.9604644775390625e-05,3.8879939268099406e-08,2.4449825286865234,3.8879939268099406e-08,True,True
52,2000,curobo,100.0,2.4499893188476562,3.071953003086492e-05,4.4135123999922143e-08,2.4499893188476562,4.4135123999922143e-08,True,True
53,2000,curobo,100.0,2.4492740631103516,0.0,1.2397245541251323e-07,2.4492740631103516,1.2397245541251323e-07,True,True
54,2000,curobo,100.0,2.4254322052001953,1.4901161193847656e-05,4.0921825927853206e-08,2.4254322052001953,4.0921825927853206e-08,True,True
55,2000,curobo,100.0,2.448558807373047,3.725290298461914e-05,3.278000804129988e-08,2.448558807373047,3.278000804129988e-08,True,True
56,2000,curobo,100.0,2.475261688232422,8.720680710894158e-05,5.738247921271977e-08,2.475261688232422,5.738247921271977e-08,True,True
57,2000,curobo,100.0,2.4595260620117188,7.450580596923828e-06,2.9051928862600107e-08,2.4595260620117188,2.9051928862600107e-08,True,True
58,2000,curobo,100.0,2.4356842041015625,0.0,4.674664566550746e-08,2.4356842041015625,4.674664566550746e-08,True,True
59,2000,curobo,100.0,2.4437904357910156,2.2351741790771484e-05,7.791444289750871e-08,2.4437904357910156,7.791444289750871e-08,True,True
60,2000,curobo,100.0,2.444744110107422,6.664001972467304e-05,6.015353193333794e-08,2.444744110107422,6.015353193333794e-08,True,True
61,2000,curobo,100.0,2.450704574584961,0.0,3.7205676761686846e-08,2.450704574584961,3.7205676761686846e-08,True,True
62,2000,curobo,100.0,2.503633499145508,4.770699391087874e-05,4.2403108579947e-08,2.503633499145508,4.2403108579947e-08,True,True
63,2000,curobo,100.0,2.4480819702148438,0.0,9.266112499517476e-08,2.4480819702148438,9.266112499517476e-08,True,True
64,2000,curobo,100.0,2.508401870727539,5.372690026206328e-05,3.5905610928921305e-08,2.508401870727539,3.5905610928921305e-08,True,True
65,2000,curobo,100.0,2.665996551513672,4.214684778958144e-05,3.5545124177360776e-08,2.665996551513672,3.5545124177360776e-08,True,True
66,2000,curobo,100.0,2.46429443359375,1.4901161193847656e-05,5.7936954789283845e-08,2.46429443359375,5.7936954789283845e-08,True,True
67,2000,curobo,100.0,2.450704574584961,1.862645149230957e-06,1.0880530965096114e-07,2.450704574584961,1.0880530965096114e-07,True,True
68,2000,curobo,100.0,2.434968948364258,7.300048565639372e-05,1.2511203628662315e-08,2.434968948364258,1.2511203628662315e-08,True,True
69,2000,curobo,100.0,2.4580955505371094,4.214684778958144e-05,2.848218194628771e-08,2.4580955505371094,2.848218194628771e-08,True,True
70,2000,curobo,100.0,2.454042434692383,6.828570064953965e-05,3.3964195012003984e-08,2.454042434692383,3.3964195012003984e-08,True,True
71,2000,curobo,100.0,2.460479736328125,2.9802322387695312e-05,4.532028086146056e-08,2.460479736328125,4.532028086146056e-08,True,True
72,2000,curobo,100.0,2.4366378784179688,7.300048565639372e-05,1.645247138526429e-08,2.4366378784179688,1.645247138526429e-08,True,True
73,2000,curobo,100.0,2.453327178955078,1.4901161193847656e-05,6.962845588986966e-08,2.453327178955078,6.962845588986966e-08,True,True
74,2000,curobo,100.0,2.4526119232177734,7.233205678858212e-05,3.6666332192680784e-08,2.4526119232177734,3.6666332192680784e-08,True,True
75,2000,curobo,100.0,2.4459362030029297,3.725290298461914e-06,1.0228853852822795e-07,2.4459362030029297,1.0228853852822795e-07,True,True
76,2000,curobo,100.0,2.4640560150146484,2.9802322387695312e-05,4.782290830007696e-08,2.4640560150146484,4.782290830007696e-08,True,True
77,2000,curobo,100.0,2.437114715576172,0.6503954064100981,0.0004068807465955615,2.437114715576172,0.0004068807465955615,True,True
78,2000,curobo,100.0,2.450704574584961,1.6763806343078613e-05,1.0428302665843603e-08,2.450704574584961,1.0428302665843603e-08,True,True
79,2000,curobo,100.0,2.452373504638672,3.725290298461914e-06,3.682394122961341e-08,2.452373504638672,3.682394122961341e-08,True,True
80,2000,curobo,100.0,2.4466514587402344,1.4901161193847656e-05,4.959404620308305e-08,2.4466514587402344,4.959404620308305e-08,True,True
81,2000,curobo,100.0,2.4394989013671875,3.071953003086492e-05,1.0941958450416678e-08,2.4394989013671875,1.0941958450416678e-08,True,True
82,2000,curobo,100.0,2.439737319946289,2.60770320892334e-05,3.564546346979114e-08,2.439737319946289,3.564546346979114e-08,True,True
83,2000,curobo,100.0,2.4330615997314453,6.705522537231445e-05,3.488625566205883e-08,2.4330615997314453,3.488625566205883e-08,False,False
84,2000,curobo,100.0,2.587556838989258,2.2351741790771484e-05,9.278574708559972e-08,2.587556838989258,9.278574708559972e-08,True,True
85,2000,curobo,100.0,2.4535655975341797,3.332000986233652e-05,6.226453308499913e-08,2.4535655975341797,6.226453308499913e-08,True,True
86,2000,curobo,100.0,2.458810806274414,1.4901161193847656e-05,5.797176427790873e-08,2.458810806274414,5.797176427790873e-08,True,True
87,2000,curobo,100.0,2.4449825286865234,3.332000986233652e-05,4.144824927720947e-08,2.4449825286865234,4.144824927720947e-08,True,True
88,2000,curobo,100.0,2.441883087158203,4.214684778958144e-05,5.312696416126528e-08,2.441883087158203,5.312696416126528e-08,True,True
89,2000,curobo,100.0,2.422332763671875,1.955777406692505e-05,3.46229676040366e-08,2.422332763671875,3.46229676040366e-08,True,True
90,2000,curobo,100.0,2.451658248901367,0.00012013700256829907,7.473164487237227e-08,2.451658248901367,7.473164487237227e-08,True,True
91,2000,curobo,100.0,2.4323463439941406,1.4901161193847656e-05,4.240618878270652e-08,2.4323463439941406,4.240618878270652e-08,True,True
92,2000,curobo,100.0,2.451658248901367,2.2351741790771484e-05,4.229072203543183e-08,2.451658248901367,4.229072203543183e-08,True,True
93,2000,curobo,100.0,2.4690628051757812,0.0,1.398607878400071e-07,2.4690628051757812,1.398607878400071e-07,True,True
94,2000,curobo,100.0,2.4518966674804688,7.450580596923828e-06,8.162309228509912e-08,2.4518966674804688,8.162309228509912e-08,True,True
95,2000,curobo,100.0,2.450704574584961,3.332000986233652e-05,9.568731940134967e-08,2.450704574584961,9.568731940134967e-08,True,True
96,2000,curobo,100.0,2.4373531341552734,2.9802322387695312e-05,2.6098120997630758e-08,2.4373531341552734,2.6098120997630758e-08,True,True
97,2000,curobo,100.0,2.4394989013671875,1.4901161193847656e-05,4.008067477911936e-08,2.4394989013671875,4.008067477911936e-08,True,True
98,2000,curobo,100.0,2.453327178955078,3.122362102203624e-05,6.829154841625495e-08,2.453327178955078,6.829154841625495e-08,True,True
99,2000,curobo,100.0,2.4573802947998047,6.705522537231445e-05,3.125996883568405e-08,2.4573802947998047,3.125996883568405e-08,True,True
