solver,Batch-Size,IK-time(ms),Pos-Error(mm),Ori-Error
ikflow,1,3.054157947190106,2.0614037509342875,0.012524058229675873
ikflow,1,2.628177055157721,17.128578397366596,0.10189729039106787
ikflow,1,2.6345590595155954,1.4574216860076357,0.012845863482336364
ikflow,1,2.5959439808502793,6.278010441666913,0.009362379531449964
ikflow,1,2.5937239406630397,6.783962029228293,0.022352823116876707
ikflow,1,2.592668985016644,4.775805221406008,0.030701462960017148
ikflow,1,2.5852989638224244,4.090409110557979,0.016824257739716752
ikflow,1,2.6074559427797794,4.204729177903279,0.008772279361763008
ikflow,1,2.608553972095251,166.61751740118856,2.225004716110329
ikflow,1,2.5986769469454885,4.072503866844028,0.0065045944240509175
ikflow,1,2.620547078549862,3.343668685365869,0.01997722529496351
ikflow,1,2.622057916596532,2.937049253908859,0.007110649073957179
ikflow,1,2.6411149883642793,2.0256025802802156,0.006522439866086349
ikflow,1,2.5742140132933855,1.897594984572471,0.014615900815064817
ikflow,1,2.580133033916354,4.303627401644558,0.009781210210737891
ikflow,1,2.598293009214103,1.583298308953884,0.01188699179163328
ikflow,1,2.602934022434056,4.05025011479219,0.07472800296041916
ikflow,1,2.5924239307641983,3.812235897882033,0.019025749174268827
ikflow,1,2.6056799106299877,2.6392436601452305,0.027787908411999664
ikflow,1,2.59354489389807,13.310224222463207,0.10606110433388422
ikflow,1,2.6181390276178718,3.1864842602921493,0.007746589237857662
ikflow,1,2.6185940951108932,47.12791023144494,1.8503202210656904
ikflow,1,2.594692981801927,46.41084425724493,1.3816324143905556
ikflow,1,2.6126449229195714,5.2866254794737655,0.007601705058134874
ikflow,1,2.60501098819077,20.080608823234844,0.04481102444841286
ikflow,1,2.5946469977498055,7.710634029227104,0.014003612269266686
ikflow,1,2.660422003827989,6.7912877135401395,0.04972993024666916
ikflow,1,2.59479193482548,31.990166301198343,0.09423191280572804
ikflow,1,2.603127039037645,2.8431767751386765,0.018464097319031182
ikflow,1,2.591162919998169,4.792640098749887,0.029864782712164216
ikflow,1,2.5947210378944874,5.082262166541687,0.03823739019810015
ikflow,1,2.610066090710461,2.9374878578463157,0.03507247121434229
ikflow,1,2.5967779802158475,91.5758754681279,0.08459002305902606
ikflow,1,2.6125069707632065,59.47198861127348,0.6364046994472983
ikflow,1,2.5951850693672895,1.8945433654462935,0.011692036664686557
ikflow,1,2.588481060229242,3.6675605501402844,0.011945927928683287
ikflow,1,2.577987965196371,49.80946465889212,0.06710399510324427
ikflow,1,2.597864018753171,12.203616309325076,0.1906238911130284
ikflow,1,2.5891029508784413,21.826641365920562,0.2502843758540529
ikflow,1,2.5809950893744826,1.6129057638419089,0.010997005339146874
ikflow,1,2.592889009974897,5.363701546019559,0.009496516837281754
ikflow,1,2.5782579323276877,64.46906132737304,0.9088613644491905
ikflow,1,2.5882069021463394,1.630679531984725,0.017142750409699793
ikflow,1,2.5849760277196765,5.506981380823564,0.050776018069916336
ikflow,1,2.581917098723352,2.393084941706829,0.10846368325903422
ikflow,1,2.591965952888131,2.766984672276805,0.046965615543928446
ikflow,1,2.6059059891849756,187.685910506828,1.3322790290407978
ikflow,1,2.603515051305294,3.5938526933837838,0.028228477871934506
ikflow,1,2.600111998617649,10.507519429821185,0.03364882522932884
ikflow,1,2.604478970170021,4.293190366530919,0.0059035639275796465
ikflow,1,2.619237988255918,2.9378852754352223,0.01069677166072755
ikflow,1,2.598727005533874,4.947632047403124,0.01583350710156183
ikflow,1,2.5811229133978486,1.892315158047611,0.009998602298906855
ikflow,1,2.590149990282953,0.9331022738576801,0.0015350643016846723
ikflow,1,2.5870370445773005,41.1810568099232,0.15903101459766059
ikflow,1,2.5718449614942074,16.3432573360695,0.04195994710388585
ikflow,1,2.602473017759621,14.075482121636192,0.22345862358103805
ikflow,1,2.5923430221155286,2.693140803200752,0.010338833370751086
ikflow,1,2.6112619088962674,2.2703611129475525,0.015094955949490216
ikflow,1,2.5867100339382887,11.214745678734777,0.15651277997825347
ikflow,1,2.5889439275488257,2.7969280597535766,0.007870719780571437
ikflow,1,2.5733510265126824,13.353955825246084,0.19645480219015962
ikflow,1,2.5816670386120677,2.2382211369783676,0.01558991605695616
ikflow,1,2.5960589991882443,3.0441507268152166,0.003139588604237103
ikflow,1,2.586245071142912,0.7535147969924879,0.003044691781966022
ikflow,1,2.57458898704499,2.9832968879347983,0.011523485145459585
ikflow,1,2.5766880717128515,4.204830980293455,0.018059453345413232
ikflow,1,2.577143022790551,1.0763763294033868,0.006144481500111154
ikflow,1,2.579402062110603,1.2186009330171814,0.010741700082890927
ikflow,1,2.609062008559704,35.221613438682645,2.316546057516399
ikflow,1,2.5993629824370146,3.9773695795089656,0.038284979366971235
ikflow,1,2.5788949569687247,0.5867532273202117,0.016970458942258036
ikflow,1,2.610851894132793,9.960871804795733,0.018100103891225298
ikflow,1,2.6100550312548876,4.33803706812862,0.016965283972819212
ikflow,1,2.5906480150297284,10.394106963759,0.014799395704236464
ikflow,1,2.7488339692354202,17.226130646315237,0.0689997676572584
ikflow,1,2.6072110049426556,2.3774664790317406,0.005283479478698479
ikflow,1,2.593485056422651,2.2294358011894735,0.006169994514957948
ikflow,1,2.598554943688214,2.6003840787080144,0.023310224683035986
ikflow,1,2.598293940536678,4.354396824857135,0.009183277093605367
ikflow,1,2.5925900554284453,2.047425848116808,0.00515392345665615
ikflow,1,2.5943469954654574,4.559565669964373,0.01639058908612418
ikflow,1,2.582098008133471,17.511194928213587,0.2369438956860941
ikflow,1,2.5926929665729403,2.344825660573112,0.009226260519610216
ikflow,1,2.599020954221487,1.955500311271759,0.008104580596235585
ikflow,1,2.59664305485785,7.045196736068874,0.053770280612459705
ikflow,1,2.606333000585437,4.580153187743628,0.018261892030418957
ikflow,1,2.602991065941751,2.459283257792577,0.010003868334506045
ikflow,1,2.6081131072714925,48.38882581161262,0.12306352434004054
ikflow,1,2.6137810200452805,17.013830272529784,0.06780033370499049
ikflow,1,2.5966919492930174,2.5281441211647966,0.010875928447239638
ikflow,1,2.5969570269808173,7.204360465425355,0.011256221478736167
ikflow,1,2.6089209131896496,2.999420359859021,0.005780154864283688
ikflow,1,2.595025929622352,5.241448969407494,0.014075726244981917
ikflow,1,2.5925730587914586,5.505024948412826,0.01582546073046004
ikflow,1,2.6089020539075136,11.163027740292904,0.024482303489256164
ikflow,1,2.600307925604284,3.460031015504141,0.060552014562737566
ikflow,1,2.585885929875076,2.8378166662672153,0.01105594254223086
ikflow,1,2.6094219647347927,83.70746900260087,2.849047112426016
ikflow,1,2.639867947436869,170.62066789578907,1.549081861232586
ikflow,10,2.5089390110224485,1.0026067484657766,0.012995945824289321
ikflow,10,2.497212029993534,6.5201899080034815,0.12060448396827399
ikflow,10,2.4976220447570086,2.897608396424701,0.011151212644654181
ikflow,10,2.48846597969532,1.9467550127353312,0.008040188762475201
ikflow,10,2.4875790113583207,1.2348190963681644,0.007695048207826657
ikflow,10,2.4805610300973058,1.6233708496595896,0.00712010495227763
ikflow,10,2.4806809378787875,1.2188068259172224,0.003580010568304443
ikflow,10,2.4766139686107635,0.9077723130865236,0.00897482540983859
ikflow,10,2.4804490385577083,5.864584803947972,0.1269083929571205
ikflow,10,2.4644510122016072,1.5486303856786656,0.009424658576297885
ikflow,10,2.482809009961784,1.0274971971801679,0.009017701968227843
ikflow,10,2.475920016877353,1.9445126829749872,0.004970423049380332
ikflow,10,2.459772047586739,0.5025524566682984,0.0141811025289393
ikflow,10,2.4661089992150664,2.0942920685353075,0.005174279382844205
ikflow,10,2.476690919138491,1.1825587728554443,0.020603581014735608
ikflow,10,2.48040200676769,0.6227300433075591,0.00739343817617705
ikflow,10,2.4873409420251846,6.514616590268612,0.03954531335142775
ikflow,10,2.4850519839674234,1.4412662892521804,0.022863332204193194
ikflow,10,2.4804690619930625,3.3361633298092257,0.02470389436368881
ikflow,10,2.4664090014994144,23.6127048417043,0.30849019223824514
ikflow,10,2.470789011567831,0.7850686034530221,0.005997441420031398
ikflow,10,2.460781019181013,11.549956904076565,0.29292770922640465
ikflow,10,2.4785379646345973,6.978761198293805,0.1180974547083846
ikflow,10,2.510422025807202,1.6999242245684427,0.01470086805681699
ikflow,10,2.482144976966083,2.501804171102529,0.0765253334103902
ikflow,10,2.467567101120949,2.2112314134792728,0.018710013308758152
ikflow,10,2.4846720043569803,4.199749482359903,0.03309270948838603
ikflow,10,2.459186944179237,2.13065093044242,0.006351024095365299
ikflow,10,2.465439960360527,0.9516372576827823,0.006316067783128813
ikflow,10,2.5012119440361857,1.2562798333250795,0.013137991843019461
ikflow,10,2.4738330394029617,3.2547118933735852,0.012384439683233888
ikflow,10,2.4700819049030542,1.0549895838544416,0.01768619532335225
ikflow,10,2.4752679746598005,8.480502803967056,0.07762690887318989
ikflow,10,2.465786994434893,8.583191942711936,0.08485800017052297
ikflow,10,2.458266098983586,0.8776511933630738,0.0037903869672881976
ikflow,10,2.4838560493662953,0.5583634520747993,0.018291034590420894
ikflow,10,2.47489707544446,0.48935803557313,0.008452629774348337
ikflow,10,2.4499079445376992,4.253460901616266,0.19980625204167085
ikflow,10,2.4719350039958954,18.06488981940152,0.1690290805048596
ikflow,10,2.478228067047894,2.174769559413217,0.23448654856349305
ikflow,10,2.47313198633492,0.8270442890738687,0.004443949984877458
ikflow,10,2.464106888510287,17.867940554009675,0.7804321299346183
ikflow,10,2.4687800323590636,2.056966952763985,0.04125213565216727
ikflow,10,2.4745400296524167,2.5788387671269675,0.008974809190375908
ikflow,10,2.485107979737222,1.242147366544848,0.0073172828987828125
ikflow,10,2.460850984789431,0.5859105639272295,0.025732930526805607
ikflow,10,2.4696309119462967,14.377776814897631,0.2197851183842095
ikflow,10,2.4655379820615053,0.7786701550621111,0.013726043332773698
ikflow,10,2.48308596201241,3.2887357268594077,0.05446798893048234
ikflow,10,2.4700319627299905,0.7542205697303862,0.00637726498044961
ikflow,10,2.4791290052235126,0.9647758178503503,0.006304878806636598
ikflow,10,2.505265991203487,2.7792275146224266,0.002838417937483608
ikflow,10,2.469019964337349,1.0796475134686823,0.008740646653563507
ikflow,10,2.470172941684723,1.8208914475961557,0.014837582534685615
ikflow,10,2.4670539423823357,8.580233278483641,0.02814109648759018
ikflow,10,2.453504945151508,2.8847996681611945,0.027556607345609517
ikflow,10,2.4663700023666024,2.1281737230562365,0.011072565342301988
ikflow,10,2.476939931511879,1.100643261678673,0.01801766703507665
ikflow,10,2.4959410075098276,1.9924998632780744,0.011413780031838662
ikflow,10,2.4793639313429594,4.88717155255564,0.11354989939645597
ikflow,10,2.470131032168865,1.5993463754965969,0.004194351383720831
ikflow,10,2.4830179754644632,5.329557792139618,0.1539248034827338
ikflow,10,2.47261393815279,1.4412067185753077,0.003915150047735934
ikflow,10,2.47168296482414,1.6097269124191191,0.016534524733433077
ikflow,10,2.496163942851126,1.1711500455612487,0.008629447129199445
ikflow,10,2.4735229089856148,1.1054991259236,0.011271043850794167
ikflow,10,2.4756700731813908,3.060429897992195,0.00847962506851613
ikflow,10,2.475550048984587,1.818279958130504,0.0015064219246304117
ikflow,10,2.4697789922356606,1.6157653189391208,0.010327732547764548
ikflow,10,2.4842829443514347,1.237643859409169,0.020545468557840705
ikflow,10,2.4901290889829397,0.9842777136753571,0.013115389637848125
ikflow,10,2.474709996022284,1.0580469500343221,0.013946351930584853
ikflow,10,2.4706179974600673,1.8162676187351119,0.007206402650612583
ikflow,10,2.49101803638041,1.8422783117542794,0.008139930556414375
ikflow,10,2.479618997313082,1.9511392825884564,0.008819256622203769
ikflow,10,2.4784690467640758,5.9521591140047345,0.13736622767473256
ikflow,10,2.4715320905670524,0.7033285180735956,0.003673710728376828
ikflow,10,2.477167989127338,1.2890115038230952,0.010230269029230857
ikflow,10,2.4767309660091996,0.3275593667805957,0.008912474233886875
ikflow,10,2.4745919508859515,0.36904627907459775,0.010834858601740235
ikflow,10,2.4767849827185273,0.7251791516075642,0.00787744834992839
ikflow,10,2.484951983205974,2.373611849674541,0.00993017301640256
ikflow,10,2.4747130228206515,3.064869411577285,0.11211010142627763
ikflow,10,2.476882073096931,1.0832161290517412,0.005437498470309886
ikflow,10,2.469109953381121,1.5108920243270814,0.0073500753591237466
ikflow,10,2.4702599039301276,3.07841156121359,0.029053192870031216
ikflow,10,2.479237038642168,0.772297239547117,0.013135535411473954
ikflow,10,2.466619946062565,1.0105478728284898,0.005750003630546019
ikflow,10,2.4746350245550275,10.22554754805864,0.13332686890552706
ikflow,10,2.4977989960461855,1.2914029803144893,0.025745954883260178
ikflow,10,2.505567972548306,2.077266387775544,0.00594838992524149
ikflow,10,2.4801590479910374,1.2877295365044916,0.015184570083498503
ikflow,10,2.4808470625430346,1.1016389753196776,0.0085449904766119
ikflow,10,2.4768710136413574,2.72923474731211,0.028682390211479163
ikflow,10,2.4888080079108477,1.9315302283872193,0.013171358239297961
ikflow,10,2.476577996276319,10.328233485785876,0.08047796037110932
ikflow,10,2.480276976712048,1.509926889125407,0.009707100379550903
ikflow,10,2.4796929210424423,1.061330641194813,0.011660454745641613
ikflow,10,2.4843839928507805,1.7894700612992689,0.009272795336696383
ikflow,10,2.471124054864049,21.38004153446334,0.1346327512389296
ikflow,100,2.72309104911983,0.6323186969853138,0.009614699134455453
ikflow,100,2.763190073892474,2.788166803596287,0.09165587150929635
ikflow,100,2.7602200862020254,0.6613024524833828,0.012103204922728478
ikflow,100,2.755971043370664,0.5936595140066231,0.02367285519168611
ikflow,100,2.7589129749685526,0.8220568922732382,0.0218039566369876
ikflow,100,2.7533230604603887,0.6236493751583292,0.03691290399340287
ikflow,100,2.7610540855675936,0.7553058066387538,0.009867277579883874
ikflow,100,2.7586889918893576,0.39786720097516864,0.014139253975010478
ikflow,100,2.767006983049214,5.733540388538753,0.1523499995565312
ikflow,100,2.7587679214775562,0.859587080228377,0.01606088315729054
ikflow,100,2.8002519393339753,0.6822808967700783,0.005669741550615965
ikflow,100,2.7779979864135385,0.49293037810532986,0.004583602121872211
ikflow,100,2.772538922727108,0.606416134115382,0.01086170538854701
ikflow,100,2.770580002106726,0.6281406621996298,0.011822117262454183
ikflow,100,2.758448012173176,0.5813434945740835,0.0065188127998302035
ikflow,100,2.754618995822966,0.7194667147842954,0.008194544113220027
ikflow,100,2.7697989717125893,1.4441562716206666,0.037268300175813195
ikflow,100,2.7589669916778803,0.8559972733369391,0.012179024972684522
ikflow,100,2.7422920102253556,1.4301010481026968,0.010293945979771662
ikflow,100,2.7586669893935323,9.73892616992695,0.09381666694323977
ikflow,100,2.7481309371069074,0.33807779384357073,0.011210210537885673
ikflow,100,2.793474937789142,8.904190219441995,0.2879538269653706
ikflow,100,2.760016010142863,2.2128247772497884,0.09658991545840573
ikflow,100,2.771240076981485,1.0392664044144353,0.001259032456083691
ikflow,100,2.7476510731503367,4.3969843499377985,0.041448879068521564
ikflow,100,2.7656489983201027,0.7484178173563829,0.029008440835482846
ikflow,100,2.7797980001196265,1.6608623580104107,0.04519371409200171
ikflow,100,2.7443079743534327,1.076037913153897,0.00393514849371375
ikflow,100,2.780104987323284,0.4621761343255778,0.005264769863279365
ikflow,100,2.7565700002014637,1.1033091009377778,0.005987542359651646
ikflow,100,2.805083990097046,0.9294083088498203,0.006933680041771
ikflow,100,2.7549839578568935,1.014829847402365,0.011846818849959162
ikflow,100,2.7557240100577474,3.936487760650573,0.07558798468582735
ikflow,100,2.7462110156193376,9.870294719085804,0.09652050956241973
ikflow,100,2.7736349729821086,0.431269273757138,0.013817681221562003
ikflow,100,2.7539508882910013,0.8464919209103795,0.01504988610710908
ikflow,100,2.752269967459142,0.8773841697941714,0.006376569507531769
ikflow,100,2.7474689995869994,2.5780877294062328,0.22101258889930683
ikflow,100,2.7638589963316917,7.9541832367594525,0.140774196989589
ikflow,100,2.7662470238283277,0.8251887184649744,0.24495152144869387
ikflow,100,2.7519300347194076,1.0383981140781429,0.002907321798221215
ikflow,100,2.757000969722867,2.7787157684930346,0.2791229624442239
ikflow,100,2.7565229684114456,0.03267960119929903,0.0067201489650968935
ikflow,100,2.7370230527594686,0.9003691030496936,0.014667701823060018
ikflow,100,2.7519389986991882,0.7302504041168517,0.0190257767660257
ikflow,100,2.7776979841291904,1.114500731770735,0.014756385846317202
ikflow,100,2.7587839867919683,15.618870910120304,0.3365155785610251
ikflow,100,2.7558220317587256,0.5650589963594281,0.018070017595001656
ikflow,100,2.7631589910015464,1.846134764796072,0.038186285734210616
ikflow,100,2.751850988715887,0.41584123222205027,0.004251631626361259
ikflow,100,2.760116010904312,1.2740202123927635,0.0019898044056037645
ikflow,100,2.7923890156671405,1.1894186108278564,0.011559489858697206
ikflow,100,2.7671720599755645,0.35048126417359016,0.015823157265922698
ikflow,100,2.768222941085696,0.506151229292928,0.019024976007921787
ikflow,100,2.7607539668679237,4.846278279562857,0.03185444527203678
ikflow,100,2.7532889507710934,1.8492441639215353,0.02078416176469754
ikflow,100,2.75118590798229,0.74942439119451,0.04277396770149762
ikflow,100,2.7706269174814224,0.7659074703391302,0.013054082975640516
ikflow,100,2.758507034741342,1.0500741422193953,0.024658445953734145
ikflow,100,2.794091938994825,2.3029633986290095,0.10963984799837091
ikflow,100,2.758026937954128,1.0620201376625649,0.007494378847353979
ikflow,100,2.7800080133602023,4.0633558361851305,0.18073222545497253
ikflow,100,2.7588270604610443,0.7655645698157049,0.009173675794805655
ikflow,100,2.763658994808793,0.5509950028813368,0.018967083112331383
ikflow,100,2.765965065918863,0.2536149173433925,0.00891001752331245
ikflow,100,2.7648539980873466,0.7388018010913067,0.008497325984064883
ikflow,100,2.76611908338964,0.8007256002341864,0.005346680498551576
ikflow,100,2.7747810818254948,0.4051130173184691,0.012289003666648125
ikflow,100,2.752505009993911,0.32758295445507724,0.005066492740186048
ikflow,100,2.749718027189374,1.7841386232752885,0.02442214097312844
ikflow,100,2.741693053394556,0.5013146301491576,0.005465036102592769
ikflow,100,2.775989007204771,0.961217467173778,0.01161096046896207
ikflow,100,2.754261950030923,0.6213819008654424,0.010809695220598435
ikflow,100,2.765985089354217,1.098231764700477,0.008626331044565446
ikflow,100,2.761248964816332,0.4226382935448013,0.008625695950355013
ikflow,100,2.7519400464370847,4.494101369537462,0.07805633431211177
ikflow,100,2.75723694358021,0.4694818557109356,0.0036845483692222836
ikflow,100,2.7528780046850443,0.32468973783616206,0.007716798008199314
ikflow,100,2.7601710753515363,0.9690357965266554,0.00839778568600168
ikflow,100,2.7590799145400524,0.6984572330892665,0.002692091965068116
ikflow,100,2.77833198197186,0.5755071157847281,0.003102184852015151
ikflow,100,2.757272101007402,0.9291870560267537,0.02489557627686209
ikflow,100,2.7576469583436847,2.104812315547145,0.11785953765527746
ikflow,100,2.739657065831125,0.35717773577906403,0.0047398917480362054
ikflow,100,2.76811805088073,0.9374448234839508,0.006257742312799375
ikflow,100,2.754181041382253,0.6215578780600122,0.03278734508907643
ikflow,100,2.7688469272106886,1.445365427875364,0.012030301754591292
ikflow,100,2.7411270420998335,0.7726508148525457,0.012302715588213697
ikflow,100,2.7814949862658978,7.577176028018842,0.12135365965755222
ikflow,100,2.770469058305025,0.9775553067951884,0.011001620142794103
ikflow,100,2.7508930070325732,0.6681254787593619,0.08573903623644372
ikflow,100,2.748594037257135,0.7045556757324849,0.0069409245471238725
ikflow,100,2.7413220377638936,0.223331735352964,0.010491265533181124
ikflow,100,2.7543300529941916,0.7831686527130068,0.009015016212242474
ikflow,100,2.7267190162092447,0.839634200551215,0.013506893005259693
ikflow,100,2.7566630160436034,4.322099814495471,0.08783485164404993
ikflow,100,2.7307389536872506,0.3746607152609387,0.015947105458731577
ikflow,100,2.7595459250733256,0.45205407196389463,0.012357182290096372
ikflow,100,2.744815079495311,0.4209176862346393,0.006343497753756255
ikflow,100,2.7572460239753127,6.261381866222747,0.22211807827956104
ikflow,1000,5.123179988004267,0.29201558697782054,0.0032596624540506187
ikflow,1000,5.089107085950673,0.9293375729212203,0.12016530895759656
ikflow,1000,5.0859859911724925,0.46140942018423164,0.014073557506495174
ikflow,1000,5.107103963382542,0.19357825955435948,0.01235563661652285
ikflow,1000,5.098933004774153,0.34214243260459354,0.007845442790595833
ikflow,1000,5.097132991068065,0.4142155716890712,0.010564073474267348
ikflow,1000,5.088533973321319,0.5525829554744038,0.00794820695142416
ikflow,1000,5.084915901534259,0.34821288657244337,0.009645195442510097
ikflow,1000,5.0985009875148535,3.3606453859221883,0.1505400652754224
ikflow,1000,5.093443091027439,0.4120684881385582,0.012093077270633228
ikflow,1000,5.089505924843252,0.2677879430312222,0.018144104981317813
ikflow,1000,5.103236064314842,0.33877595606230937,0.001427329717582453
ikflow,1000,5.091057973913848,0.14522576828261022,0.004391185218880588
ikflow,1000,5.089424084872007,0.2766154188697001,0.0074107809356380085
ikflow,1000,5.087941070087254,0.24025352636933733,0.005898676615754106
ikflow,1000,5.087060970254242,0.03508439440530049,0.007096071704825611
ikflow,1000,5.089070997200906,0.8452140653684581,0.07410439763765077
ikflow,1000,5.0948550924658775,0.37259021618503513,0.010192409623025337
ikflow,1000,5.088325007818639,0.570070760646731,0.007763511641644879
ikflow,1000,5.08489808999002,5.344285999788625,0.0860915169849301
ikflow,1000,5.083202035166323,0.2151163800163447,0.008683356592032648
ikflow,1000,5.087615107186139,1.6481629552273873,0.2863051177861454
ikflow,1000,5.100268987007439,0.9161664855027228,0.10646405840913908
ikflow,1000,5.084538017399609,0.2686289264217038,0.00900200981679113
ikflow,1000,5.096870008856058,0.7352000849517699,0.0668704166517995
ikflow,1000,5.0892699509859085,0.3406267031898184,0.0062671423462550705
ikflow,1000,5.090884980745614,0.9917792636843906,0.05004333053738585
ikflow,1000,5.086060962639749,0.2030377436613202,0.00788749523034425
ikflow,1000,5.110058933496475,0.4312893076859308,0.01070064471169769
ikflow,1000,5.088835954666138,0.4034369666385689,0.01457347792243683
ikflow,1000,5.088584963232279,0.2376251201749223,0.008808521850734332
ikflow,1000,5.100577953271568,0.06641339926371559,0.007495643202785225
ikflow,1000,5.075563094578683,2.5169163358604334,0.06114796777239559
ikflow,1000,5.097402026876807,3.0660316076844296,0.15880484343530413
ikflow,1000,5.092356004752219,0.351877217190993,0.004395610848438177
ikflow,1000,5.098097026348114,0.32235759751397347,0.027093954311046116
ikflow,1000,5.110090016387403,0.3664843483865862,0.009509948572424145
ikflow,1000,5.087433033622801,2.282243771456719,0.21257279284915148
ikflow,1000,5.134581937454641,4.215523409745682,0.15703724516342638
ikflow,1000,5.105973919853568,0.510548709088498,0.01107841470474012
ikflow,1000,5.092996987514198,0.2751780261018197,0.017493778409011295
ikflow,1000,5.103438976220787,1.3400210265716006,0.43162161873665894
ikflow,1000,5.107474979013205,0.23433763309608646,0.01984345186533476
ikflow,1000,5.090035032480955,0.32855837883678546,0.007416814485346602
ikflow,1000,5.09495404548943,0.269111510362211,0.006899349741129194
ikflow,1000,5.093178944662213,0.671185176557667,0.010343450896133024
ikflow,1000,5.125790019519627,3.7074569298722997,0.35956627086787796
ikflow,1000,5.0975939957425,0.09255832886505663,0.011426152524726776
ikflow,1000,5.0901740323752165,1.3814749300462068,0.046537829225652236
ikflow,1000,5.107422010041773,0.13854422259794405,0.007691158830336039
ikflow,1000,5.084159900434315,0.40320967761707727,0.015107971466008665
ikflow,1000,5.074499058537185,0.3127200505901924,0.010637697212314088
ikflow,1000,5.097889923490584,0.37638256845341156,0.015847160006875336
ikflow,1000,5.09007996879518,0.2863572318471093,0.007339108510068617
ikflow,1000,5.0896089524030685,0.7315444911199738,0.04486122680126116
ikflow,1000,5.104047944769263,0.6903477951775412,0.027593379128793883
ikflow,1000,5.096353939734399,0.661232561380585,0.01768847098413125
ikflow,1000,5.081796087324619,0.4868361117884208,0.042303872178608835
ikflow,1000,5.084967007860541,0.30789620793007505,0.010748144634285587
ikflow,1000,5.079271970316768,0.9693735624279972,0.1280491152986545
ikflow,1000,5.092131905257702,0.366853691942228,0.009762823052874197
ikflow,1000,5.0982770044356585,1.4635362145416329,0.15405568606739725
ikflow,1000,5.102836061269045,0.1913124429609564,0.0047419910326714585
ikflow,1000,5.115017993375659,0.3517359116194492,0.01804817966146983
ikflow,1000,5.097083980217576,0.31538036169312544,0.01120298391330095
ikflow,1000,5.091247032396495,0.18779495203985322,0.008122914023180869
ikflow,1000,5.099632893688977,0.5142199605386987,0.012418011331818158
ikflow,1000,5.0931270234286785,0.3152145236123972,0.006686997546360078
ikflow,1000,5.099087953567505,0.13512201352721848,0.015020444018774021
ikflow,1000,5.08551299571991,0.6185606395690952,0.007409628154301079
ikflow,1000,5.083678988739848,0.16192257449925068,0.0025609055379959113
ikflow,1000,5.089654005132616,0.30887215680551006,0.030948454291072583
ikflow,1000,5.088112084195018,0.3732829293498298,0.005591393423675538
ikflow,1000,5.083639989607036,0.3213398048732597,0.011264369794114847
ikflow,1000,5.0736620323732495,0.396279442007316,0.005549147838283521
ikflow,1000,5.111530073918402,1.9432020470132223,0.09790591616848174
ikflow,1000,5.091796978376806,0.33315939763119884,0.008196917226682936
ikflow,1000,5.095151020213962,0.15291186966402764,0.004601809687172204
ikflow,1000,5.081246956251562,0.28069240860534683,0.009773242507782193
ikflow,1000,5.099972011521459,0.3346584530246371,0.00474529274725462
ikflow,1000,5.08893805090338,0.2208883701254416,0.0065866681663860616
ikflow,1000,5.095430999062955,0.40945024299546684,0.008483808264285403
ikflow,1000,5.096082924865186,0.59975434255187,0.09674951113257044
ikflow,1000,5.0958560314029455,0.2591780302273946,0.004881902699839681
ikflow,1000,5.0911769503727555,0.21945862382690262,0.01617462404001313
ikflow,1000,5.102075985632837,0.4115369218313269,0.03360810286275636
ikflow,1000,5.085236974991858,0.3695141234279751,0.0018298067534598382
ikflow,1000,5.078974994830787,0.37347072148842964,0.015116569362086855
ikflow,1000,5.080544040538371,5.359127404765021,0.11134683989315172
ikflow,1000,5.088628036901355,0.36234733345555314,0.08146020429808909
ikflow,1000,5.092086968943477,0.18454877619446552,0.009646004865715416
ikflow,1000,5.0865450175479054,0.2640338156373001,0.009476071403917397
ikflow,1000,5.08929300121963,0.26985567223590584,0.0032207965973723995
ikflow,1000,5.155745078809559,0.6327407418736715,0.01244615372312719
ikflow,1000,5.1342330407351255,0.5764797308304583,0.01562733529619583
ikflow,1000,5.120075074955821,3.6046642471046155,0.2233658720115855
ikflow,1000,5.110759986564517,0.26817781200449564,0.010324140405410617
ikflow,1000,5.093033076263964,0.20660376786341536,0.014479312568355947
ikflow,1000,5.100648966617882,0.24045547943700932,0.0034761579720949437
ikflow,1000,5.089480080641806,3.166763786883604,0.17953356280031235
ikflow,2000,6.093210889957845,0.24854256540184766,0.009131154243568201
ikflow,2000,6.1411920469254255,0.7305462953011267,0.09413608600264017
ikflow,2000,6.148408050648868,0.09317848898574319,0.0035924919297933952
ikflow,2000,6.134666968137026,0.1554720836084441,0.004376404045905826
ikflow,2000,6.140007055364549,0.24617036112201102,0.01499012951580149
ikflow,2000,6.138673052191734,0.15866107222220327,0.0055757768005259955
ikflow,2000,6.140296929515898,0.29930008658399576,0.00953842450470848
ikflow,2000,6.135039962828159,0.1939904047785533,0.00850321196027931
ikflow,2000,6.158531992696226,3.6149368348047823,0.17150393908080983
ikflow,2000,6.160193006508052,0.2663802181191648,0.012190417532879397
ikflow,2000,6.141272024251521,0.29141546721948536,0.00774075475668588
ikflow,2000,6.136387004517019,0.13434795342613529,0.0031666340908360134
ikflow,2000,6.130223977379501,0.1114067969004451,0.0080779537041389
ikflow,2000,6.141029996797442,0.12755433047498602,0.004117402325523321
ikflow,2000,6.146189058199525,0.1989389027113153,0.007572501035182057
ikflow,2000,6.136232055723667,0.11110809751007018,0.006677591017927351
ikflow,2000,6.145858904346824,1.9796349705030807,0.053208981456396916
ikflow,2000,6.1366918962448835,0.14703959413262097,0.019512025356231966
ikflow,2000,6.141853053122759,0.4682044712606916,0.018973312132673233
ikflow,2000,6.143496953882277,5.017125183583942,0.14654893764943897
ikflow,2000,6.128842942416668,0.14397876287633646,0.005784611295559526
ikflow,2000,6.1382639687508345,3.872217581150223,0.3063258099555514
ikflow,2000,6.132817943580449,0.5355200694445392,0.11416760236772716
ikflow,2000,6.148334010504186,0.30244122778449933,0.0035824399298980524
ikflow,2000,6.151261040940881,1.3113467552947637,0.0503319619640268
ikflow,2000,6.131515954621136,0.2157162694363337,0.00886151141929047
ikflow,2000,6.136507960036397,0.9060050967904477,0.060866505901201566
ikflow,2000,6.132379989139736,0.38168083499512717,0.0017019334221220878
ikflow,2000,6.144211045466363,0.19449409842497611,0.01879823825692807
ikflow,2000,6.1343839624896646,0.4325369984304637,0.007361461281186652
ikflow,2000,6.133360089734197,0.2715825147508704,0.005188042352555012
ikflow,2000,6.641449988819659,0.18008297895740896,0.019350664179271736
ikflow,2000,6.1606449307873845,1.0254560340505012,0.10583004985478076
ikflow,2000,6.153215072117746,1.6954041986503383,0.07730408870578472
ikflow,2000,6.133176968432963,0.1827147474568034,0.0070393422665491435
ikflow,2000,6.149412016384304,0.2503267834754849,0.013848538727310157
ikflow,2000,6.137661985121667,0.32868663605641907,0.007726174610844281
ikflow,2000,6.146792089566588,1.098137379509632,0.23239884031095653
ikflow,2000,6.134288967587054,4.241631843658843,0.15660062440155134
ikflow,2000,6.142618949525058,0.3463448571195329,0.013065290009878508
ikflow,2000,6.140219978988171,0.25419802015774323,0.010553173628942328
ikflow,2000,6.144162034615874,1.1171247900879246,0.4785277712895181
ikflow,2000,6.133240996859968,0.148392839630485,0.051263909753695734
ikflow,2000,6.145154940895736,0.2151008581750854,0.011034961635610494
ikflow,2000,6.137194926850498,0.2614457314951616,0.003600366206778472
ikflow,2000,6.130797904916108,0.10699579796584437,0.027760390502473833
ikflow,2000,6.154631031677127,4.142332765422966,0.3637632264226356
ikflow,2000,6.129894056357443,0.35394678856127193,0.017403827699998986
ikflow,2000,6.142592988908291,1.097862380704304,0.07817076723446434
ikflow,2000,6.134212017059326,0.13791814774053318,0.005351999400413274
ikflow,2000,6.152943009510636,0.27149251154665116,0.006114617669977985
ikflow,2000,6.139434059150517,0.3481382678870817,0.008148787082215538
ikflow,2000,6.135523086413741,0.24438358621578304,0.004327882165627723
ikflow,2000,6.165895028971136,0.10617875339124529,0.004658598684880251
ikflow,2000,6.145954015664756,1.4363285400737247,0.032699315406042914
ikflow,2000,6.139033939689398,0.7111725720504436,0.032358807630514845
ikflow,2000,6.210569990798831,0.46577311063717497,0.023460981369507583
ikflow,2000,6.138295982964337,0.38010402732256765,0.007033532655655712
ikflow,2000,6.131984060630202,0.15400882011422196,0.013189993506835692
ikflow,2000,6.130328052677214,1.0598639602121696,0.11988345577240615
ikflow,2000,6.143009988591075,0.11232595530744006,0.01883256387799017
ikflow,2000,6.132851936854422,0.6901830005925954,0.16766680473580503
ikflow,2000,6.137077929452062,0.058574576719464345,0.004584088516567489
ikflow,2000,6.141975987702608,0.1468678574993083,0.012361298749053942
ikflow,2000,6.14103302359581,0.08386754654949287,0.009170805544598376
ikflow,2000,6.140485987998545,0.1993128810295729,0.008433807449766816
ikflow,2000,6.147318985313177,0.16322462995489684,0.010213402945224796
ikflow,2000,6.130200927145779,0.16969035510143138,0.009219092266601647
ikflow,2000,6.1390569899231195,0.16357867355423047,0.006835261580471858
ikflow,2000,6.139987031929195,0.15445533797131075,0.01974534814101983
ikflow,2000,6.133969058282673,0.3787610116320225,0.005410425963122289
ikflow,2000,6.131181959062815,0.05953582201423952,0.01667560723215076
ikflow,2000,6.1262770323082805,0.13784141400743238,0.012109184302212991
ikflow,2000,6.14216597750783,0.21553693870300544,0.007082686045197039
ikflow,2000,6.1396610690280795,0.40563550120505026,0.0070727766777181995
ikflow,2000,6.146978004835546,2.870839114273322,0.11941067665040339
ikflow,2000,6.1461919685825706,0.12829404079874346,0.008337070388525396
ikflow,2000,6.147495005279779,0.06177265772877358,0.008825633873936338
ikflow,2000,6.1351979384198785,0.3456734260164139,0.0030895481621925286
ikflow,2000,6.129298009909689,0.25587010134670757,0.01602399212672529
ikflow,2000,6.1283360701054335,0.34116118106665627,0.007352146238241375
ikflow,2000,6.133914925158024,0.3890055290238146,0.0077997918606845925
ikflow,2000,6.132888025604188,0.7088104100379229,0.07428970302461234
ikflow,2000,6.135313073173165,0.12333245809694292,0.005568833361744877
ikflow,2000,6.143270991742611,0.11796817576057185,0.008313159908435109
ikflow,2000,6.143392994999886,0.13804417372803043,0.022839013077030405
ikflow,2000,6.152532994747162,0.36446835467879835,0.012233597437506773
ikflow,2000,6.137305987067521,0.1694642656717708,0.007308143595210011
ikflow,2000,6.133079994469881,5.832655520308806,0.12361127213659753
ikflow,2000,6.132078007794917,0.2609436723608978,0.06374991039747833
ikflow,2000,6.141436984762549,0.10710887696176467,0.012716816531507554
ikflow,2000,6.140224984847009,0.1782496248510165,0.0018608238209164055
ikflow,2000,6.1392540810629725,0.29394669645126004,0.01063995562416735
ikflow,2000,6.131023983471096,0.6321207683900837,0.021261248995703176
ikflow,2000,6.136234034784138,0.36323432326609284,0.015635540228468768
ikflow,2000,6.148611893877387,2.154201232202908,0.16445025189691362
ikflow,2000,6.140830926597118,0.26742142849173206,0.020304727958055806
ikflow,2000,6.151758949272335,0.22083256297507345,0.009527938607048796
ikflow,2000,6.147374049760401,0.167806933704345,0.009515586644666793
ikflow,2000,6.129120942205191,4.640151349185375,0.1584705183414558
